id,income_from,income_to,rate,gross_income_id:id
table_m0_5_001,0,60000,0,os_hr_bonus.tax_table_m0_5
table_m0_5_002,60001,60147,0.25,os_hr_bonus.tax_table_m0_5
table_m0_5_003,60148,60298,0.5,os_hr_bonus.tax_table_m0_5
table_m0_5_004,60299,60450,0.75,os_hr_bonus.tax_table_m0_5
table_m0_5_005,60451,60602,1,os_hr_bonus.tax_table_m0_5
table_m0_5_006,60603,60756,1.25,os_hr_bonus.tax_table_m0_5
table_m0_5_007,60757,60910,1.5,os_hr_bonus.tax_table_m0_5
table_m0_5_008,60911,61065,1.75,os_hr_bonus.tax_table_m0_5
table_m0_5_009,61066,61221,2,os_hr_bonus.tax_table_m0_5
table_m0_5_010,61222,61377,2.25,os_hr_bonus.tax_table_m0_5
table_m0_5_011,61378,51535,2.5,os_hr_bonus.tax_table_m0_5
table_m0_5_012,61536,61693,2.75,os_hr_bonus.tax_table_m0_5
table_m0_5_013,61694,61852,3,os_hr_bonus.tax_table_m0_5
table_m0_5_014,61853,62012,3.25,os_hr_bonus.tax_table_m0_5
table_m0_5_015,62013,62172,3.5,os_hr_bonus.tax_table_m0_5
table_m0_5_016,62173,62334,3.75,os_hr_bonus.tax_table_m0_5
table_m0_5_017,62335,62496,4,os_hr_bonus.tax_table_m0_5
table_m0_5_018,62497,100245,4.25,os_hr_bonus.tax_table_m0_5
table_m0_5_019,100246,100497,4.5,os_hr_bonus.tax_table_m0_5
table_m0_5_020,100498,100750,4.75,os_hr_bonus.tax_table_m0_5
table_m0_5_021,100751,101005,5,os_hr_bonus.tax_table_m0_5
table_m0_5_022,101006,101260,5.25,os_hr_bonus.tax_table_m0_5
table_m0_5_023,101261,101517,5.5,os_hr_bonus.tax_table_m0_5
table_m0_5_024,101518,101775,5.75,os_hr_bonus.tax_table_m0_5
table_m0_5_025,101776,102035,6,os_hr_bonus.tax_table_m0_5
table_m0_5_026,102036,102296,6.25,os_hr_bonus.tax_table_m0_5
table_m0_5_027,102297,102558,6.5,os_hr_bonus.tax_table_m0_5
table_m0_5_028,101559,102822,6.75,os_hr_bonus.tax_table_m0_5
table_m0_5_029,102823,103087,7,os_hr_bonus.tax_table_m0_5
table_m0_5_030,103088,103353,7.25,os_hr_bonus.tax_table_m0_5
table_m0_5_031,103354,103621,7.5,os_hr_bonus.tax_table_m0_5
table_m0_5_032,103622,103890,7.75,os_hr_bonus.tax_table_m0_5
table_m0_5_033,103891,104161,8,os_hr_bonus.tax_table_m0_5
table_m0_5_034,104162,140343,8.25,os_hr_bonus.tax_table_m0_5
table_m0_5_035,140344,140696,8.5,os_hr_bonus.tax_table_m0_5
table_m0_5_036,140697,141050,8.75,os_hr_bonus.tax_table_m0_5
table_m0_5_037,141051,141406,9,os_hr_bonus.tax_table_m0_5
table_m0_5_038,141407,141764,9.25,os_hr_bonus.tax_table_m0_5
table_m0_5_039,141765,142124,9.5,os_hr_bonus.tax_table_m0_5
table_m0_5_040,142125,142486,9.75,os_hr_bonus.tax_table_m0_5
table_m0_5_041,142487,142849,10,os_hr_bonus.tax_table_m0_5
table_m0_5_042,142850,143215,10.25,os_hr_bonus.tax_table_m0_5
table_m0_5_043,143216,143582,10.5,os_hr_bonus.tax_table_m0_5
table_m0_5_044,143583,143951,10.75,os_hr_bonus.tax_table_m0_5
table_m0_5_045,143952,144322,11,os_hr_bonus.tax_table_m0_5
table_m0_5_046,144323,144695,11.25,os_hr_bonus.tax_table_m0_5
table_m0_5_047,144696,14570,11.5,os_hr_bonus.tax_table_m0_5
table_m0_5_048,145071,145446,11.75,os_hr_bonus.tax_table_m0_5
table_m0_5_049,145447,145825,12,os_hr_bonus.tax_table_m0_5
table_m0_5_050,145826,180442,12.25,os_hr_bonus.tax_table_m0_5
table_m0_5_051,180443,180895,12.5,os_hr_bonus.tax_table_m0_5
table_m0_5_052,180896,181351,12.75,os_hr_bonus.tax_table_m0_5
table_m0_5_053,181352,101809,13,os_hr_bonus.tax_table_m0_5
table_m0_5_054,181810,182269,13.25,os_hr_bonus.tax_table_m0_5
table_m0_5_055,182270,182731,13.5,os_hr_bonus.tax_table_m0_5
table_m0_5_056,182732,183196,13.75,os_hr_bonus.tax_table_m0_5
table_m0_5_057,183197,183664,14,os_hr_bonus.tax_table_m0_5
table_m0_5_058,183665,184133,14.25,os_hr_bonus.tax_table_m0_5
table_m0_5_059,184134,184605,14.5,os_hr_bonus.tax_table_m0_5
table_m0_5_060,184606,185080,14.75,os_hr_bonus.tax_table_m0_5
table_m0_5_061,185081,185557,15,os_hr_bonus.tax_table_m0_5
table_m0_5_062,185558,186036,15.25,os_hr_bonus.tax_table_m0_5
table_m0_5_063,186037,186518,15.5,os_hr_bonus.tax_table_m0_5
table_m0_5_064,186519,187003,15.75,os_hr_bonus.tax_table_m0_5
table_m0_5_065,187004,999999999,16,os_hr_bonus.tax_table_m0_5
,,,,
table_m1_001,0,57692,0,os_hr_bonus.tax_table_m1
table_m1_002,57693,57965,0.25,os_hr_bonus.tax_table_m1
table_m1_003,57966,58246,0.5,os_hr_bonus.tax_table_m1
table_m1_004,58247,58530,0.75,os_hr_bonus.tax_table_m1
table_m1_005,58531,58817,1,os_hr_bonus.tax_table_m1
table_m1_006,58818,59107,1.25,os_hr_bonus.tax_table_m1
table_m1_007,59108,59400,1.5,os_hr_bonus.tax_table_m1
table_m1_008,59401,59695,1.75,os_hr_bonus.tax_table_m1
table_m1_009,59696,59994,2,os_hr_bonus.tax_table_m1
table_m1_010,59995,60295,2.25,os_hr_bonus.tax_table_m1
table_m1_011,60296,60599,2.5,os_hr_bonus.tax_table_m1
table_m1_012,60600,60907,2.75,os_hr_bonus.tax_table_m1
table_m1_013,60908,61218,3,os_hr_bonus.tax_table_m1
table_m1_014,61219,61532,3.25,os_hr_bonus.tax_table_m1
table_m1_015,61533,61849,3.5,os_hr_bonus.tax_table_m1
table_m1_016,61850,62169,3.75,os_hr_bonus.tax_table_m1
table_m1_017,62170,62493,4,os_hr_bonus.tax_table_m1
table_m1_018,62494,96609,4.25,os_hr_bonus.tax_table_m1
table_m1_019,96610,97077,4.5,os_hr_bonus.tax_table_m1
table_m1_020,97078,97551,4.75,os_hr_bonus.tax_table_m1
table_m1_021,97552,98029,5,os_hr_bonus.tax_table_m1
table_m1_022,98030,98512,5.25,os_hr_bonus.tax_table_m1
table_m1_023,98513,99000,5.5,os_hr_bonus.tax_table_m1
table_m1_024,99001,99492,5.75,os_hr_bonus.tax_table_m1
table_m1_025,99493,99989,6,os_hr_bonus.tax_table_m1
table_m1_026,99990,100492,6.25,os_hr_bonus.tax_table_m1
table_m1_027,100493,100999,6.5,os_hr_bonus.tax_table_m1
table_m1_028,101000,101512,6.75,os_hr_bonus.tax_table_m1
table_m1_029,101513,102030,7,os_hr_bonus.tax_table_m1
table_m1_030,102031,102553,7.25,os_hr_bonus.tax_table_m1
table_m1_031,102554,103082,7.5,os_hr_bonus.tax_table_m1
table_m1_032,103083,103616,7.75,os_hr_bonus.tax_table_m1
table_m1_033,103617,104155,8,os_hr_bonus.tax_table_m1
table_m1_034,104156,135252,8.25,os_hr_bonus.tax_table_m1
table_m1_035,135253,135909,8.5,os_hr_bonus.tax_table_m1
table_m1_036,135910,136572,8.75,os_hr_bonus.tax_table_m1
table_m1_037,136573,137241,9,os_hr_bonus.tax_table_m1
table_m1_038,137242,137917,9.25,os_hr_bonus.tax_table_m1
table_m1_039,137918,138600,9.5,os_hr_bonus.tax_table_m1
table_m1_040,138601,139289,9.75,os_hr_bonus.tax_table_m1
table_m1_041,139290,139986,10,os_hr_bonus.tax_table_m1
table_m1_042,139987,140689,10.25,os_hr_bonus.tax_table_m1
table_m1_043,140690,141399,10.5,os_hr_bonus.tax_table_m1
table_m1_044,141400,142117,10.75,os_hr_bonus.tax_table_m1
table_m1_045,142118,142842,11,os_hr_bonus.tax_table_m1
table_m1_046,142843,143575,11.25,os_hr_bonus.tax_table_m1
table_m1_047,143576,144315,11.5,os_hr_bonus.tax_table_m1
table_m1_048,144316,145062,11.75,os_hr_bonus.tax_table_m1
table_m1_049,145063,145818,12,os_hr_bonus.tax_table_m1
table_m1_050,145819,173896,12.25,os_hr_bonus.tax_table_m1
table_m1_051,173897,174740,12.5,os_hr_bonus.tax_table_m1
table_m1_052,174741,175592,12.75,os_hr_bonus.tax_table_m1
table_m1_053,175593,176453,13,os_hr_bonus.tax_table_m1
table_m1_054,176454,177322,13.25,os_hr_bonus.tax_table_m1
table_m1_055,177323,178200,13.5,os_hr_bonus.tax_table_m1
table_m1_056,178201,179086,13.75,os_hr_bonus.tax_table_m1
table_m1_057,179087,179981,14,os_hr_bonus.tax_table_m1
table_m1_058,179982,180886,14.25,os_hr_bonus.tax_table_m1
table_m1_059,180887,181799,14.5,os_hr_bonus.tax_table_m1
table_m1_060,181800,182722,14.75,os_hr_bonus.tax_table_m1
table_m1_061,182723,183654,15,os_hr_bonus.tax_table_m1
table_m1_062,183655,184596,15.25,os_hr_bonus.tax_table_m1
table_m1_063,184597,185547,15.5,os_hr_bonus.tax_table_m1
table_m1_064,185548,186509,15.75,os_hr_bonus.tax_table_m1
table_m1_065,186510,999999999,16,os_hr_bonus.tax_table_m1
,,,,
table_m1_5_001,0,55555,0,os_hr_bonus.tax_table_m1_5
table_m1_5_002,55556,55936,0.25,os_hr_bonus.tax_table_m1_5
table_m1_5_003,55937,56330,0.5,os_hr_bonus.tax_table_m1_5
table_m1_5_004,56331,56729,0.75,os_hr_bonus.tax_table_m1_5
table_m1_5_005,56730,57134,1,os_hr_bonus.tax_table_m1_5
table_m1_5_006,57135,57545,1.25,os_hr_bonus.tax_table_m1_5
table_m1_5_007,57546,57962,1.5,os_hr_bonus.tax_table_m1_5
table_m1_5_008,57963,58385,1.75,os_hr_bonus.tax_table_m1_5
table_m1_5_009,58386,58814,2,os_hr_bonus.tax_table_m1_5
table_m1_5_010,58815,59250,2.25,os_hr_bonus.tax_table_m1_5
table_m1_5_011,59251,59692,2.5,os_hr_bonus.tax_table_m1_5
table_m1_5_012,59693,60141,2.75,os_hr_bonus.tax_table_m1_5
table_m1_5_013,60142,60596,3,os_hr_bonus.tax_table_m1_5
table_m1_5_014,60597,61059,3.25,os_hr_bonus.tax_table_m1_5
table_m1_5_015,61060,61528,3.5,os_hr_bonus.tax_table_m1_5
table_m1_5_016,61529,62005,3.75,os_hr_bonus.tax_table_m1_5
table_m1_5_017,62006,62490,4,os_hr_bonus.tax_table_m1_5
table_m1_5_018,62491,93227,4.25,os_hr_bonus.tax_table_m1_5
table_m1_5_019,93228,93883,4.5,os_hr_bonus.tax_table_m1_5
table_m1_5_020,93884,94549,4.75,os_hr_bonus.tax_table_m1_5
table_m1_5_021,94550,95224,5,os_hr_bonus.tax_table_m1_5
table_m1_5_022,95225,95909,5.25,os_hr_bonus.tax_table_m1_5
table_m1_5_023,95910,96604,5.5,os_hr_bonus.tax_table_m1_5
table_m1_5_024,96605,97309,5.75,os_hr_bonus.tax_table_m1_5
table_m1_5_025,97310,98024,6,os_hr_bonus.tax_table_m1_5
table_m1_5_026,98025,98750,6.25,os_hr_bonus.tax_table_m1_5
table_m1_5_027,98751,99487,6.5,os_hr_bonus.tax_table_m1_5
table_m1_5_028,99488,100235,6.75,os_hr_bonus.tax_table_m1_5
table_m1_5_029,100236,100994,7,os_hr_bonus.tax_table_m1_5
table_m1_5_030,100995,101765,7.25,os_hr_bonus.tax_table_m1_5
table_m1_5_031,101766,102548,7.5,os_hr_bonus.tax_table_m1_5
table_m1_5_032,102549,103343,7.75,os_hr_bonus.tax_table_m1_5
table_m1_5_033,103344,104150,8,os_hr_bonus.tax_table_m1_5
table_m1_5_034,104151,130517,8.25,os_hr_bonus.tax_table_m1_5
table_m1_5_035,130518,131436,8.5,os_hr_bonus.tax_table_m1_5
table_m1_5_036,131437,132368,8.75,os_hr_bonus.tax_table_m1_5
table_m1_5_037,132369,133314,9,os_hr_bonus.tax_table_m1_5
table_m1_5_038,133315,134273,9.25,os_hr_bonus.tax_table_m1_5
table_m1_5_039,134274,135246,9.5,os_hr_bonus.tax_table_m1_5
table_m1_5_040,135247,136233,9.75,os_hr_bonus.tax_table_m1_5
table_m1_5_041,136234,137234,10,os_hr_bonus.tax_table_m1_5
table_m1_5_042,137235,138251,10.25,os_hr_bonus.tax_table_m1_5
table_m1_5_043,138252,139282,10.5,os_hr_bonus.tax_table_m1_5
table_m1_5_044,139283,140329,10.75,os_hr_bonus.tax_table_m1_5
table_m1_5_045,140330,141392,11,os_hr_bonus.tax_table_m1_5
table_m1_5_046,141393,142471,11.25,os_hr_bonus.tax_table_m1_5
table_m1_5_047,142472,143567,11.5,os_hr_bonus.tax_table_m1_5
table_m1_5_048,143568,144680,11.75,os_hr_bonus.tax_table_m1_5
table_m1_5_049,144681,145810,12,os_hr_bonus.tax_table_m1_5
table_m1_5_050,145811,167808,12.25,os_hr_bonus.tax_table_m1_5
table_m1_5_051,167809,168990,12.5,os_hr_bonus.tax_table_m1_5
table_m1_5_052,168991,170188,12.75,os_hr_bonus.tax_table_m1_5
table_m1_5_053,170189,171404,13,os_hr_bonus.tax_table_m1_5
table_m1_5_054,171405,172637,13.25,os_hr_bonus.tax_table_m1_5
table_m1_5_055,172638,173887,13.5,os_hr_bonus.tax_table_m1_5
table_m1_5_056,173888,175156,13.75,os_hr_bonus.tax_table_m1_5
table_m1_5_057,175157,176444,14,os_hr_bonus.tax_table_m1_5
table_m1_5_058,176445,177751,14.25,os_hr_bonus.tax_table_m1_5
table_m1_5_059,177752,179077,14.5,os_hr_bonus.tax_table_m1_5
table_m1_5_060,176078,180423,14.75,os_hr_bonus.tax_table_m1_5
table_m1_5_061,180424,181790,15,os_hr_bonus.tax_table_m1_5
table_m1_5_062,181791,183178,15.25,os_hr_bonus.tax_table_m1_5
table_m1_5_063,183179,184586,15.5,os_hr_bonus.tax_table_m1_5
table_m1_5_064,184587,186017,15.75,os_hr_bonus.tax_table_m1_5
table_m1_5_065,186018,999999999,16,os_hr_bonus.tax_table_m1_5
,,,,
table_m2_001,0,53571,0,os_hr_bonus.tax_table_m2
table_m2_002,53572,54044,0.25,os_hr_bonus.tax_table_m2
table_m2_003,54045,54535,0.5,os_hr_bonus.tax_table_m2
table_m2_004,54536,55035,0.75,os_hr_bonus.tax_table_m2
table_m2_005,55036,55545,1,os_hr_bonus.tax_table_m2
table_m2_006,55546,56064,1.25,os_hr_bonus.tax_table_m2
table_m2_007,56065,56593,1.5,os_hr_bonus.tax_table_m2
table_m2_008,56594,57131,1.75,os_hr_bonus.tax_table_m2
table_m2_009,57132,57681,2,os_hr_bonus.tax_table_m2
table_m2_010,57682,58241,2.25,os_hr_bonus.tax_table_m2
table_m2_011,58242,58811,2.5,os_hr_bonus.tax_table_m2
table_m2_012,58812,59394,2.75,os_hr_bonus.tax_table_m2
table_m2_013,59395,59988,3,os_hr_bonus.tax_table_m2
table_m2_014,59989,60593,3.25,os_hr_bonus.tax_table_m2
table_m2_015,60594,61211,3.5,os_hr_bonus.tax_table_m2
table_m2_016,61212,61842,3.75,os_hr_bonus.tax_table_m2
table_m2_017,61843,62486,4,os_hr_bonus.tax_table_m2
table_m2_018,62487,90073,4.25,os_hr_bonus.tax_table_m2
table_m2_019,90074,90892,4.5,os_hr_bonus.tax_table_m2
table_m2_020,90893,91726,4.75,os_hr_bonus.tax_table_m2
table_m2_021,91727,92475,5,os_hr_bonus.tax_table_m2
table_m2_022,92576,93440,5.25,os_hr_bonus.tax_table_m2
table_m2_023,93441,94321,5.5,os_hr_bonus.tax_table_m2
table_m2_024,94322,95219,5.75,os_hr_bonus.tax_table_m2
table_m2_025,95220,96135,6,os_hr_bonus.tax_table_m2
table_m2_026,96136,97068,6.25,os_hr_bonus.tax_table_m2
table_m2_027,97069,98019,6.5,os_hr_bonus.tax_table_m2
table_m2_028,98020,98990,6.75,os_hr_bonus.tax_table_m2
table_m2_029,98991,99980,7,os_hr_bonus.tax_table_m2
table_m2_030,99981,100989,7.25,os_hr_bonus.tax_table_m2
table_m2_031,100990,102019,7.5,os_hr_bonus.tax_table_m2
table_m2_032,102020,103071,7.75,os_hr_bonus.tax_table_m2
table_m2_033,103072,104144,8,os_hr_bonus.tax_table_m2
table_m2_034,104145,126106,8.25,os_hr_bonus.tax_table_m2
table_m2_035,126104,127249,8.5,os_hr_bonus.tax_table_m2
table_m2_036,127250,128416,8.75,os_hr_bonus.tax_table_m2
table_m2_037,128417,129605,9,os_hr_bonus.tax_table_m2
table_m2_038,129606,130816,9.25,os_hr_bonus.tax_table_m2
table_m2_039,130817,132050,9.5,os_hr_bonus.tax_table_m2
table_m2_040,132051,133307,9.75,os_hr_bonus.tax_table_m2
table_m2_041,133308,134589,10,os_hr_bonus.tax_table_m2
table_m2_042,134590,135895,10.25,os_hr_bonus.tax_table_m2
table_m2_043,135896,137227,10.5,os_hr_bonus.tax_table_m2
table_m2_044,137228,138586,10.75,os_hr_bonus.tax_table_m2
table_m2_045,138587,139972,11,os_hr_bonus.tax_table_m2
table_m2_046,139973,141385,11.25,os_hr_bonus.tax_table_m2
table_m2_047,141386,142827,11.5,os_hr_bonus.tax_table_m2
table_m2_048,142828,144300,11.75,os_hr_bonus.tax_table_m2
table_m2_049,144301,145802,12,os_hr_bonus.tax_table_m2
table_m2_050,145803,162132,12.25,os_hr_bonus.tax_table_m2
table_m2_051,162133,163606,12.5,os_hr_bonus.tax_table_m2
table_m2_052,163607,165107,12.75,os_hr_bonus.tax_table_m2
table_m2_053,165108,166635,13,os_hr_bonus.tax_table_m2
table_m2_054,166636,168192,13.25,os_hr_bonus.tax_table_m2
table_m2_055,168193,169779,13.5,os_hr_bonus.tax_table_m2
table_m2_056,169780,171395,13.75,os_hr_bonus.tax_table_m2
table_m2_057,171396,173043,14,os_hr_bonus.tax_table_m2
table_m2_058,173044,174723,14.25,os_hr_bonus.tax_table_m2
table_m2_059,174724,176435,14.5,os_hr_bonus.tax_table_m2
table_m2_060,176436,178182,14.75,os_hr_bonus.tax_table_m2
table_m2_061,178183,179963,15,os_hr_bonus.tax_table_m2
table_m2_062,179964,181781,15.25,os_hr_bonus.tax_table_m2
table_m2_063,181782,183635,15.5,os_hr_bonus.tax_table_m2
table_m2_064,183636,185528,15.75,os_hr_bonus.tax_table_m2
table_m2_065,185529,999999999,16,os_hr_bonus.tax_table_m2
,,,,
table_m2_5_001,0,51724,0,os_hr_bonus.tax_table_m2_5
table_m2_5_002,51725.14,52276,0.25,os_hr_bonus.tax_table_m2_5
table_m2_5_003,52277,52851,0.5,os_hr_bonus.tax_table_m2_5
table_m2_5_004,52852,53440,0.75,os_hr_bonus.tax_table_m2_5
table_m2_5_005,53441,54041,1,os_hr_bonus.tax_table_m2_5
table_m2_5_006,54042,54657,1.25,os_hr_bonus.tax_table_m2_5
table_m2_5_007,54658,55286,1.5,os_hr_bonus.tax_table_m2_5
table_m2_5_008,55287,55931,1.75,os_hr_bonus.tax_table_m2_5
table_m2_5_009,55932,56590,2,os_hr_bonus.tax_table_m2_5
table_m2_5_010,56591,57265,2.25,os_hr_bonus.tax_table_m2_5
table_m2_5_011,57266,57957,2.5,os_hr_bonus.tax_table_m2_5
table_m2_5_012,57958,58665,2.75,os_hr_bonus.tax_table_m2_5
table_m2_5_013,58666,59391,3,os_hr_bonus.tax_table_m2_5
table_m2_5_014,59392,60135,3.25,os_hr_bonus.tax_table_m2_5
table_m2_5_015,60136,60898,3.5,os_hr_bonus.tax_table_m2_5
table_m2_5_016,60899,61680,3.75,os_hr_bonus.tax_table_m2_5
table_m2_5_017,61681,62483,4,os_hr_bonus.tax_table_m2_5
table_m2_5_018,62484,87126,4.25,os_hr_bonus.tax_table_m2_5
table_m2_5_019,87127,88086,4.5,os_hr_bonus.tax_table_m2_5
table_m2_5_020,88087,89067,4.75,os_hr_bonus.tax_table_m2_5
table_m2_5_021,89068,90069,5,os_hr_bonus.tax_table_m2_5
table_m2_5_022,90070,91095,5.25,os_hr_bonus.tax_table_m2_5
table_m2_5_023,91096,92144,5.5,os_hr_bonus.tax_table_m2_5
table_m2_5_024,92145,93218,5.75,os_hr_bonus.tax_table_m2_5
table_m2_5_025,93219,94317,6,os_hr_bonus.tax_table_m2_5
table_m2_5_026,94318,95442,6.25,os_hr_bonus.tax_table_m2_5
table_m2_5_027,95443,96595,6.5,os_hr_bonus.tax_table_m2_5
table_m2_5_028,96596,97775,6.75,os_hr_bonus.tax_table_m2_5
table_m2_5_029,97776,98985,7,os_hr_bonus.tax_table_m2_5
table_m2_5_030,98986,100225,7.25,os_hr_bonus.tax_table_m2_5
table_m2_5_031,100226,101497,7.5,os_hr_bonus.tax_table_m2_5
table_m2_5_032,101498,102801,7.75,os_hr_bonus.tax_table_m2_5
table_m2_5_033,102802,104139,8,os_hr_bonus.tax_table_m2_5
table_m2_5_034,104140,121977,8.25,os_hr_bonus.tax_table_m2_5
table_m2_5_035,121978,123320,8.5,os_hr_bonus.tax_table_m2_5
table_m2_5_036,123321,124693,8.75,os_hr_bonus.tax_table_m2_5
table_m2_5_037,124694,126097,9,os_hr_bonus.tax_table_m2_5
table_m2_5_038,126098,127533,9.25,os_hr_bonus.tax_table_m2_5
table_m2_5_039,127534,129002,9.5,os_hr_bonus.tax_table_m2_5
table_m2_5_040,129003,130505,9.75,os_hr_bonus.tax_table_m2_5
table_m2_5_041,130506,132044,10,os_hr_bonus.tax_table_m2_5
table_m2_5_042,132045,133619,10.25,os_hr_bonus.tax_table_m2_5
table_m2_5_043,133620,135233,10.5,os_hr_bonus.tax_table_m2_5
table_m2_5_044,135234,136885,10.75,os_hr_bonus.tax_table_m2_5
table_m2_5_045,136886,138579,11,os_hr_bonus.tax_table_m2_5
table_m2_5_046,138580,140315,11.25,os_hr_bonus.tax_table_m2_5
table_m2_5_047,140316,142095,11.5,os_hr_bonus.tax_table_m2_5
table_m2_5_048,142096,143921,11.75,os_hr_bonus.tax_table_m2_5
table_m2_5_049,143922,145795,12,os_hr_bonus.tax_table_m2_5
table_m2_5_050,145796,156828,12.25,os_hr_bonus.tax_table_m2_5
table_m2_5_051,156829,158555,12.5,os_hr_bonus.tax_table_m2_5
table_m2_5_052,158556,160320,12.75,os_hr_bonus.tax_table_m2_5
table_m2_5_053,160321,162125,13,os_hr_bonus.tax_table_m2_5
table_m2_5_054,162126,163971,13.25,os_hr_bonus.tax_table_m2_5
table_m2_5_055,163972,165860,13.5,os_hr_bonus.tax_table_m2_5
table_m2_5_056,165861,167793,13.75,os_hr_bonus.tax_table_m2_5
table_m2_5_057,167794,169771,14,os_hr_bonus.tax_table_m2_5
table_m2_5_058,169772,171796,14.25,os_hr_bonus.tax_table_m2_5
table_m2_5_059,171797,173871,14.5,os_hr_bonus.tax_table_m2_5
table_m2_5_060,173872,175996,14.75,os_hr_bonus.tax_table_m2_5
table_m2_5_061,175997,178173,15,os_hr_bonus.tax_table_m2_5
table_m2_5_062,178174,180405,15.25,os_hr_bonus.tax_table_m2_5
table_m2_5_063,180406,182694,15.5,os_hr_bonus.tax_table_m2_5
table_m2_5_064,182695,185042,15.75,os_hr_bonus.tax_table_m2_5
table_m2_5_065,185043,99999999,16,os_hr_bonus.tax_table_m2_5
,,,,
table_m3_001,0,50000,0,os_hr_bonus.tax_table_m3
table_m3_002,50001,50620,0.25,os_hr_bonus.tax_table_m3
table_m3_003,50621,51268,0.5,os_hr_bonus.tax_table_m3
table_m3_004,51269,51934,0.75,os_hr_bonus.tax_table_m3
table_m3_005,51935,52617,1,os_hr_bonus.tax_table_m3
table_m3_006,52618,53319,1.25,os_hr_bonus.tax_table_m3
table_m3_007,53320,54039,1.5,os_hr_bonus.tax_table_m3
table_m3_008,54040,54779,1.75,os_hr_bonus.tax_table_m3
table_m3_009,54780,55540,2,os_hr_bonus.tax_table_m3
table_m3_010,55541,56322,2.25,os_hr_bonus.tax_table_m3
table_m3_011,56323,57126,2.5,os_hr_bonus.tax_table_m3
table_m3_012,57127,57954,2.75,os_hr_bonus.tax_table_m3
table_m3_013,57955,58806,3,os_hr_bonus.tax_table_m3
table_m3_014,58807,59683,3.25,os_hr_bonus.tax_table_m3
table_m3_015,59684,60587,3.5,os_hr_bonus.tax_table_m3
table_m3_016,60588,61519,3.75,os_hr_bonus.tax_table_m3
table_m3_017,61520,62480,4,os_hr_bonus.tax_table_m3
table_m3_018,62481,84366,4.25,os_hr_bonus.tax_table_m3
table_m3_019,84367,85448,4.5,os_hr_bonus.tax_table_m3
table_m3_020,85449,86557,4.75,os_hr_bonus.tax_table_m3
table_m3_021,86558,87696,5,os_hr_bonus.tax_table_m3
table_m3_022,87697,88865,5.25,os_hr_bonus.tax_table_m3
table_m3_023,88866,90065,5.5,os_hr_bonus.tax_table_m3
table_m3_024,90066,91299,5.75,os_hr_bonus.tax_table_m3
table_m3_025,91300,92566,6,os_hr_bonus.tax_table_m3
table_m3_026,92567,93870,6.25,os_hr_bonus.tax_table_m3
table_m3_027,93871,95210,6.5,os_hr_bonus.tax_table_m3
table_m3_028,95211,96590,6.75,os_hr_bonus.tax_table_m3
table_m3_029,96591,98010,7,os_hr_bonus.tax_table_m3
table_m3_030,98011,99472,7.25,os_hr_bonus.tax_table_m3
table_m3_031,99473,100979,7.5,os_hr_bonus.tax_table_m3
table_m3_032,100980,102532,7.75,os_hr_bonus.tax_table_m3
table_m3_033,102533,104134,8,os_hr_bonus.tax_table_m3
table_m3_034,104135,118113,8.25,os_hr_bonus.tax_table_m3
table_m3_035,118114,119627,8.5,os_hr_bonus.tax_table_m3
table_m3_036,119628,121180,8.75,os_hr_bonus.tax_table_m3
table_m3_037,121181,122774,9,os_hr_bonus.tax_table_m3
table_m3_038,122775,124411,9.25,os_hr_bonus.tax_table_m3
table_m3_039,124412,126092,9.5,os_hr_bonus.tax_table_m3
table_m3_040,126093,127818,9.75,os_hr_bonus.tax_table_m3
table_m3_041,127819,129593,10,os_hr_bonus.tax_table_m3
table_m3_042,129594,131418,10.25,os_hr_bonus.tax_table_m3
table_m3_043,131419,133295,10.5,os_hr_bonus.tax_table_m3
table_m3_044,133296,135226,10.75,os_hr_bonus.tax_table_m3
table_m3_045,135227,137214,11,os_hr_bonus.tax_table_m3
table_m3_046,137215,139261,11.25,os_hr_bonus.tax_table_m3
table_m3_047,139262,141371,11.5,os_hr_bonus.tax_table_m3
table_m3_048,141372,143545,11.75,os_hr_bonus.tax_table_m3
table_m3_049,143546,145787,12,os_hr_bonus.tax_table_m3
table_m3_050,145788,151860,12.25,os_hr_bonus.tax_table_m3
table_m3_051,151861,153806,12.5,os_hr_bonus.tax_table_m3
table_m3_052,153807,155803,12.75,os_hr_bonus.tax_table_m3
table_m3_053,155804,157853,13,os_hr_bonus.tax_table_m3
table_m3_054,157854,159957,13.25,os_hr_bonus.tax_table_m3
table_m3_055,159958,162118,13.5,os_hr_bonus.tax_table_m3
table_m3_056,162119,164338,13.75,os_hr_bonus.tax_table_m3
table_m3_057,164339,166620,14,os_hr_bonus.tax_table_m3
table_m3_058,166621,168966,14.25,os_hr_bonus.tax_table_m3
table_m3_059,168967,171379,14.5,os_hr_bonus.tax_table_m3
table_m3_060,171380,173862,14.75,os_hr_bonus.tax_table_m3
table_m3_061,173863,176418,15,os_hr_bonus.tax_table_m3
table_m3_062,176419,179051,15.25,os_hr_bonus.tax_table_m3
table_m3_063,179052,181763,15.5,os_hr_bonus.tax_table_m3
table_m3_064,181764,184558,15.75,os_hr_bonus.tax_table_m3
table_m3_065,184559,99999999,16,os_hr_bonus.tax_table_m3
,,,,
table_m3_5_001,0,48387,0,os_hr_bonus.tax_table_m3_5
table_m3_5_002,48388.1,49065,0.25,os_hr_bonus.tax_table_m3_5
table_m3_5_003,49066,49778,0.5,os_hr_bonus.tax_table_m3_5
table_m3_5_004,49779,50511,0.75,os_hr_bonus.tax_table_m3_5
table_m3_5_005,50512,51266,1,os_hr_bonus.tax_table_m3_5
table_m3_5_006,51267,52044,1.25,os_hr_bonus.tax_table_m3_5
table_m3_5_007,52045,52847,1.5,os_hr_bonus.tax_table_m3_5
table_m3_5_008,52848,53674,1.75,os_hr_bonus.tax_table_m3_5
table_m3_5_009,53675,54528,2,os_hr_bonus.tax_table_m3_5
table_m3_5_010,54529,55409,2.25,os_hr_bonus.tax_table_m3_5
table_m3_5_011,55410,56319,2.5,os_hr_bonus.tax_table_m3_5
table_m3_5_012,56320,57260,2.75,os_hr_bonus.tax_table_m3_5
table_m3_5_013,57261,58232,3,os_hr_bonus.tax_table_m3_5
table_m3_5_014,58233,59238,3.25,os_hr_bonus.tax_table_m3_5
table_m3_5_015,59239,60280,3.5,os_hr_bonus.tax_table_m3_5
table_m3_5_016,60281,61359,3.75,os_hr_bonus.tax_table_m3_5
table_m3_5_017,61360,62477,4,os_hr_bonus.tax_table_m3_5
table_m3_5_018,62478,81776,4.25,os_hr_bonus.tax_table_m3_5
table_m3_5_019,81777,82963,4.5,os_hr_bonus.tax_table_m3_5
table_m3_5_020,82964,84185,4.75,os_hr_bonus.tax_table_m3_5
table_m3_5_021,84186,85444,5,os_hr_bonus.tax_table_m3_5
table_m3_5_022,85445,86741,5.25,os_hr_bonus.tax_table_m3_5
table_m3_5_023,86742,88078,5.5,os_hr_bonus.tax_table_m3_5
table_m3_5_024,88079,89457,5.75,os_hr_bonus.tax_table_m3_5
table_m3_5_025,89458,90880,6,os_hr_bonus.tax_table_m3_5
table_m3_5_026,90881,92348,6.25,os_hr_bonus.tax_table_m3_5
table_m3_5_027,92349,93865,6.5,os_hr_bonus.tax_table_m3_5
table_m3_5_028,93866,95433,6.75,os_hr_bonus.tax_table_m3_5
table_m3_5_029,95434,97054,7,os_hr_bonus.tax_table_m3_5
table_m3_5_030,97055,98731,7.25,os_hr_bonus.tax_table_m3_5
table_m3_5_031,98732,100467,7.5,os_hr_bonus.tax_table_m3_5
table_m3_5_032,100468,102265,7.75,os_hr_bonus.tax_table_m3_5
table_m3_5_033,102266,104128,8,os_hr_bonus.tax_table_m3_5
table_m3_5_034,104129,114486,8.25,os_hr_bonus.tax_table_m3_5
table_m3_5_035,114487,116148,8.5,os_hr_bonus.tax_table_m3_5
table_m3_5_036,116149,117860,8.75,os_hr_bonus.tax_table_m3_5
table_m3_5_037,117861,119622,9,os_hr_bonus.tax_table_m3_5
table_m3_5_038,119623,121438,9.25,os_hr_bonus.tax_table_m3_5
table_m3_5_039,121439,123309,9.5,os_hr_bonus.tax_table_m3_5
table_m3_5_040,123310,125240,9.75,os_hr_bonus.tax_table_m3_5
table_m3_5_041,125241,127232,10,os_hr_bonus.tax_table_m3_5
table_m3_5_042,127233,129288,10.25,os_hr_bonus.tax_table_m3_5
table_m3_5_043,129289,131412,10.5,os_hr_bonus.tax_table_m3_5
table_m3_5_044,131413,133606,10.75,os_hr_bonus.tax_table_m3_5
table_m3_5_045,133607,135876,11,os_hr_bonus.tax_table_m3_5
table_m3_5_046,135877,138223,11.25,os_hr_bonus.tax_table_m3_5
table_m3_5_047,138224,140654,11.5,os_hr_bonus.tax_table_m3_5
table_m3_5_048,140655,143171,11.75,os_hr_bonus.tax_table_m3_5
table_m3_5_049,143172,145431,12,os_hr_bonus.tax_table_m3_5
table_m3_5_050,145432,147197,12.25,os_hr_bonus.tax_table_m3_5
table_m3_5_051,147198,149334,12.5,os_hr_bonus.tax_table_m3_5
table_m3_5_052,149335,151534,12.75,os_hr_bonus.tax_table_m3_5
table_m3_5_053,151535,153800,13,os_hr_bonus.tax_table_m3_5
table_m3_5_054,153801,156134,13.25,os_hr_bonus.tax_table_m3_5
table_m3_5_055,156135,158541,13.5,os_hr_bonus.tax_table_m3_5
table_m3_5_056,158542,161023,13.75,os_hr_bonus.tax_table_m3_5
table_m3_5_057,161024,163584,14,os_hr_bonus.tax_table_m3_5
table_m3_5_058,163585,166228,14.25,os_hr_bonus.tax_table_m3_5
table_m3_5_059,166229,168958,14.5,os_hr_bonus.tax_table_m3_5
table_m3_5_060,168959,171780,14.75,os_hr_bonus.tax_table_m3_5
table_m3_5_061,171781,174697,15,os_hr_bonus.tax_table_m3_5
table_m3_5_062,174698,177716,15.25,os_hr_bonus.tax_table_m3_5
table_m3_5_063,177717,180840,15.5,os_hr_bonus.tax_table_m3_5
table_m3_5_064,180841,184077,15.75,os_hr_bonus.tax_table_m3_5
table_m3_5_065,184078,99999999,16,os_hr_bonus.tax_table_m3_5
,,,,
table_m4_001,0,46874,0,os_hr_bonus.tax_table_m4
table_m4_002,46875,47603,0.25,os_hr_bonus.tax_table_m4
table_m4_003,47604,48371,0.5,os_hr_bonus.tax_table_m4
table_m4_004,48372,49164,0.75,os_hr_bonus.tax_table_m4
table_m4_005,49165,49983,1,os_hr_bonus.tax_table_m4
table_m4_006,49984,50830,1.25,os_hr_bonus.tax_table_m4
table_m4_007,50831,51706,1.5,os_hr_bonus.tax_table_m4
table_m4_008,51707,52613,1.75,os_hr_bonus.tax_table_m4
table_m4_009,52614,53552,2,os_hr_bonus.tax_table_m4
table_m4_010,53553,54525,2.25,os_hr_bonus.tax_table_m4
table_m4_011,54526,55534,2.5,os_hr_bonus.tax_table_m4
table_m4_012,55535,56582,2.75,os_hr_bonus.tax_table_m4
table_m4_013,56583,57670,3,os_hr_bonus.tax_table_m4
table_m4_014,57671,58800,3.25,os_hr_bonus.tax_table_m4
table_m4_015,58801,59976,3.5,os_hr_bonus.tax_table_m4
table_m4_016,59977,61199,3.75,os_hr_bonus.tax_table_m4
table_m4_017,61200,62473,4,os_hr_bonus.tax_table_m4
table_m4_018,62474,79339,4.25,os_hr_bonus.tax_table_m4
table_m4_019,79340,80619,4.5,os_hr_bonus.tax_table_m4
table_m4_020,80620,81940,4.75,os_hr_bonus.tax_table_m4
table_m4_021,81941,83305,5,os_hr_bonus.tax_table_m4
table_m4_022,83306,84717,5.25,os_hr_bonus.tax_table_m4
table_m4_023,84718,86177,5.5,os_hr_bonus.tax_table_m4
table_m4_024,86178,87688,5.75,os_hr_bonus.tax_table_m4
table_m4_025,87689,89253,6,os_hr_bonus.tax_table_m4
table_m4_026,89254,90876,6.25,os_hr_bonus.tax_table_m4
table_m4_027,90877,92558,6.5,os_hr_bonus.tax_table_m4
table_m4_028,92559,94304,6.75,os_hr_bonus.tax_table_m4
table_m4_029,94305,96116,7,os_hr_bonus.tax_table_m4
table_m4_030,96117,98000,7.25,os_hr_bonus.tax_table_m4
table_m4_031,98001,99960,7.5,os_hr_bonus.tax_table_m4
table_m4_032,99961,101999,7.75,os_hr_bonus.tax_table_m4
table_m4_033,102000,104123,8,os_hr_bonus.tax_table_m4
table_m4_034,104124,111075,8.25,os_hr_bonus.tax_table_m4
table_m4_035,111076,112866,8.5,os_hr_bonus.tax_table_m4
table_m4_036,112867,114716,8.75,os_hr_bonus.tax_table_m4
table_m4_037,114717,116627,9,os_hr_bonus.tax_table_m4
table_m4_038,116628,118603,9.25,os_hr_bonus.tax_table_m4
table_m4_039,118604,120648,9.5,os_hr_bonus.tax_table_m4
table_m4_040,120649,122763,9.75,os_hr_bonus.tax_table_m4
table_m4_041,122764,124955,10,os_hr_bonus.tax_table_m4
table_m4_042,124956,127226,10.25,os_hr_bonus.tax_table_m4
table_m4_043,127227,129581,10.5,os_hr_bonus.tax_table_m4
table_m4_044,129582,132025,10.75,os_hr_bonus.tax_table_m4
table_m4_045,132026,134563,11,os_hr_bonus.tax_table_m4
table_m4_046,134564,137201,11.25,os_hr_bonus.tax_table_m4
table_m4_047,137202,139944,11.5,os_hr_bonus.tax_table_m4
table_m4_048,139945,141567,11.75,os_hr_bonus.tax_table_m4
table_m4_049,141568,142831,12,os_hr_bonus.tax_table_m4
table_m4_050,142832,144118,12.25,os_hr_bonus.tax_table_m4
table_m4_051,144119,145428,12.5,os_hr_bonus.tax_table_m4
table_m4_052,145429,147492,12.75,os_hr_bonus.tax_table_m4
table_m4_053,147493,149950,13,os_hr_bonus.tax_table_m4
table_m4_054,149951,152490,13.25,os_hr_bonus.tax_table_m4
table_m4_055,152491,155118,13.5,os_hr_bonus.tax_table_m4
table_m4_056,155119,157839,13.75,os_hr_bonus.tax_table_m4
table_m4_057,157840,160656,14,os_hr_bonus.tax_table_m4
table_m4_058,160657,163576,14.25,os_hr_bonus.tax_table_m4
table_m4_059,163577,166604,14.5,os_hr_bonus.tax_table_m4
table_m4_060,166605,169747,14.75,os_hr_bonus.tax_table_m4
table_m4_061,169748,173010,15,os_hr_bonus.tax_table_m4
table_m4_062,173011,176401,15.25,os_hr_bonus.tax_table_m4
table_m4_063,176402,179928,15.5,os_hr_bonus.tax_table_m4
table_m4_064,179929,183598,15.75,os_hr_bonus.tax_table_m4
table_m4_065,183599,99999999,16,os_hr_bonus.tax_table_m4
,,,,
table_m4_5_001,0,45454,0,os_hr_bonus.tax_table_m4_5
table_m4_5_002,45454.55,46226,0.25,os_hr_bonus.tax_table_m4_5
table_m4_5_003,46227,47042,0.5,os_hr_bonus.tax_table_m4_5
table_m4_5_004,47043,47886,0.75,os_hr_bonus.tax_table_m4_5
table_m4_5_005,47887,48762,1,os_hr_bonus.tax_table_m4_5
table_m4_5_006,48763,49670,1.25,os_hr_bonus.tax_table_m4_5
table_m4_5_007,49671,50613,1.5,os_hr_bonus.tax_table_m4_5
table_m4_5_008,50614,51592,1.75,os_hr_bonus.tax_table_m4_5
table_m4_5_009,51593,52610,2,os_hr_bonus.tax_table_m4_5
table_m4_5_010,52611,53669,2.25,os_hr_bonus.tax_table_m4_5
table_m4_5_011,53670,54772,2.5,os_hr_bonus.tax_table_m4_5
table_m4_5_012,54773,55920,2.75,os_hr_bonus.tax_table_m4_5
table_m4_5_013,55921,57118,3,os_hr_bonus.tax_table_m4_5
table_m4_5_014,57119,58368,3.25,os_hr_bonus.tax_table_m4_5
table_m4_5_015,58369,59674,3.5,os_hr_bonus.tax_table_m4_5
table_m4_5_016,59675,61040,3.75,os_hr_bonus.tax_table_m4_5
table_m4_5_017,61041,62470,4,os_hr_bonus.tax_table_m4_5
table_m4_5_018,62471,77044,4.25,os_hr_bonus.tax_table_m4_5
table_m4_5_019,77045,78403,4.5,os_hr_bonus.tax_table_m4_5
table_m4_5_020,78404,79811,4.75,os_hr_bonus.tax_table_m4_5
table_m4_5_021,79812,81271,5,os_hr_bonus.tax_table_m4_5
table_m4_5_022,81272,82784,5.25,os_hr_bonus.tax_table_m4_5
table_m4_5_023,82785,84356,5.5,os_hr_bonus.tax_table_m4_5
table_m4_5_024,84357,85988,5.75,os_hr_bonus.tax_table_m4_5
table_m4_5_025,85989,87684,6,os_hr_bonus.tax_table_m4_5
table_m4_5_026,87685,89449,6.25,os_hr_bonus.tax_table_m4_5
table_m4_5_027,89450,91286,6.5,os_hr_bonus.tax_table_m4_5
table_m4_5_028,91287,93200,6.75,os_hr_bonus.tax_table_m4_5
table_m4_5_029,93201,95197,7,os_hr_bonus.tax_table_m4_5
table_m4_5_030,95198,97281,7.25,os_hr_bonus.tax_table_m4_5
table_m4_5_031,97282,99457,7.5,os_hr_bonus.tax_table_m4_5
table_m4_5_032,99458,101734,7.75,os_hr_bonus.tax_table_m4_5
table_m4_5_033,101735,104117,8,os_hr_bonus.tax_table_m4_5
table_m4_5_034,104118,107862,8.25,os_hr_bonus.tax_table_m4_5
table_m4_5_035,107863,109765,8.5,os_hr_bonus.tax_table_m4_5
table_m4_5_036,109766,111736,8.75,os_hr_bonus.tax_table_m4_5
table_m4_5_037,111737,113779,9,os_hr_bonus.tax_table_m4_5
table_m4_5_038,113780,115898,9.25,os_hr_bonus.tax_table_m4_5
table_m4_5_039,115899,118098,9.5,os_hr_bonus.tax_table_m4_5
table_m4_5_040,118099,120383,9.75,os_hr_bonus.tax_table_m4_5
table_m4_5_041,120384,122758,10,os_hr_bonus.tax_table_m4_5
table_m4_5_042,122759,125229,10.25,os_hr_bonus.tax_table_m4_5
table_m4_5_043,125230,127801,10.5,os_hr_bonus.tax_table_m4_5
table_m4_5_044,127802,130481,10.75,os_hr_bonus.tax_table_m4_5
table_m4_5_045,130482,133276,11,os_hr_bonus.tax_table_m4_5
table_m4_5_046,133277,136193,11.25,os_hr_bonus.tax_table_m4_5
table_m4_5_047,136194,137607,11.5,os_hr_bonus.tax_table_m4_5
table_m4_5_048,137608,138952,11.75,os_hr_bonus.tax_table_m4_5
table_m4_5_049,138953,140323,12,os_hr_bonus.tax_table_m4_5
table_m4_5_050,140324,141721,12.25,os_hr_bonus.tax_table_m4_5
table_m4_5_051,141722,143147,12.5,os_hr_bonus.tax_table_m4_5
table_m4_5_052,143148,144603,12.75,os_hr_bonus.tax_table_m4_5
table_m4_5_053,144604,146287,13,os_hr_bonus.tax_table_m4_5
table_m4_5_054,146288,149012,13.25,os_hr_bonus.tax_table_m4_5
table_m4_5_055,149013,151841,13.5,os_hr_bonus.tax_table_m4_5
table_m4_5_056,151842,154778,13.75,os_hr_bonus.tax_table_m4_5
table_m4_5_057,154779,157832,14,os_hr_bonus.tax_table_m4_5
table_m4_5_058,157833,161008,14.25,os_hr_bonus.tax_table_m4_5
table_m4_5_059,161009,164316,14.5,os_hr_bonus.tax_table_m4_5
table_m4_5_060,164317,167761,14.75,os_hr_bonus.tax_table_m4_5
table_m4_5_061,167762,171355,15,os_hr_bonus.tax_table_m4_5
table_m4_5_062,171356,175105,15.25,os_hr_bonus.tax_table_m4_5
table_m4_5_063,175106,179024,15.5,os_hr_bonus.tax_table_m4_5
table_m4_5_064,179025,183122,15.75,os_hr_bonus.tax_table_m4_5
table_m4_5_065,183123,99999999,16,os_hr_bonus.tax_table_m4_5
,,,,
table_m5_001,0,44117,0,os_hr_bonus.tax_table_m5
table_m5_002,44117.65,44926,0.25,os_hr_bonus.tax_table_m5
table_m5_003,44927,45784,0.5,os_hr_bonus.tax_table_m5
table_m5_004,45785,46674,0.75,os_hr_bonus.tax_table_m5
table_m5_005,46675,47600,1,os_hr_bonus.tax_table_m5
table_m5_006,47601,48563,1.25,os_hr_bonus.tax_table_m5
table_m5_007,48564,49566,1.5,os_hr_bonus.tax_table_m5
table_m5_008,49567,50611,1.75,os_hr_bonus.tax_table_m5
table_m5_009,50612,51701,2,os_hr_bonus.tax_table_m5
table_m5_010,51702,52840,2.25,os_hr_bonus.tax_table_m5
table_m5_011,52841,54029,2.5,os_hr_bonus.tax_table_m5
table_m5_012,54030,55274,2.75,os_hr_bonus.tax_table_m5
table_m5_013,55275,56577,3,os_hr_bonus.tax_table_m5
table_m5_014,56578,57943,3.25,os_hr_bonus.tax_table_m5
table_m5_015,57944,59376,3.5,os_hr_bonus.tax_table_m5
table_m5_016,59377,60882,3.75,os_hr_bonus.tax_table_m5
table_m5_017,60883,62467,4,os_hr_bonus.tax_table_m5
table_m5_018,62468,74878,4.25,os_hr_bonus.tax_table_m5
table_m5_019,74879,76306,4.5,os_hr_bonus.tax_table_m5
table_m5_020,76307,77790,4.75,os_hr_bonus.tax_table_m5
table_m5_021,77791,79333,5,os_hr_bonus.tax_table_m5
table_m5_022,79334,80938,5.25,os_hr_bonus.tax_table_m5
table_m5_023,80939,82610,5.5,os_hr_bonus.tax_table_m5
table_m5_024,82611,84352,5.75,os_hr_bonus.tax_table_m5
table_m5_025,84353,86169,6,os_hr_bonus.tax_table_m5
table_m5_026,86170,88066,6.25,os_hr_bonus.tax_table_m5
table_m5_027,88067,90049,6.5,os_hr_bonus.tax_table_m5
table_m5_028,90050,92123,6.75,os_hr_bonus.tax_table_m5
table_m5_029,92124,94295,7,os_hr_bonus.tax_table_m5
table_m5_030,94296,96571,7.25,os_hr_bonus.tax_table_m5
table_m5_031,96572,98960,7.5,os_hr_bonus.tax_table_m5
table_m5_032,98961,101471,7.75,os_hr_bonus.tax_table_m5
table_m5_033,101472,103425,8,os_hr_bonus.tax_table_m5
table_m5_034,103426,104829,8.25,os_hr_bonus.tax_table_m5
table_m5_035,104830,106829,8.5,os_hr_bonus.tax_table_m5
table_m5_036,106830,108907,8.75,os_hr_bonus.tax_table_m5
table_m5_037,108908,111067,9,os_hr_bonus.tax_table_m5
table_m5_038,111068,113314,9.25,os_hr_bonus.tax_table_m5
table_m5_039,113315,115654,9.5,os_hr_bonus.tax_table_m5
table_m5_040,115655,118093,9.75,os_hr_bonus.tax_table_m5
table_m5_041,118094,120637,10,os_hr_bonus.tax_table_m5
table_m5_042,120638,123293,10.25,os_hr_bonus.tax_table_m5
table_m5_043,123294,126069,10.5,os_hr_bonus.tax_table_m5
table_m5_044,126070,128972,10.75,os_hr_bonus.tax_table_m5
table_m5_045,128973,132013,11,os_hr_bonus.tax_table_m5
table_m5_046,132014,133583,11.25,os_hr_bonus.tax_table_m5
table_m5_047,133584,134992,11.5,os_hr_bonus.tax_table_m5
table_m5_048,134993,136431,11.75,os_hr_bonus.tax_table_m5
table_m5_049,136432,137901,12,os_hr_bonus.tax_table_m5
table_m5_050,137902,139403,12.25,os_hr_bonus.tax_table_m5
table_m5_051,139404,140938,12.5,os_hr_bonus.tax_table_m5
table_m5_052,140939,142507,12.75,os_hr_bonus.tax_table_m5
table_m5_053,142508,144111,13,os_hr_bonus.tax_table_m5
table_m5_054,144112,145752,13.25,os_hr_bonus.tax_table_m5
table_m5_055,145753,148698,13.5,os_hr_bonus.tax_table_m5
table_m5_056,148699,151834,13.75,os_hr_bonus.tax_table_m5
table_m5_057,151835,155105,14,os_hr_bonus.tax_table_m5
table_m5_058,155106,158520,14.25,os_hr_bonus.tax_table_m5
table_m5_059,158521,162089,14.5,os_hr_bonus.tax_table_m5
table_m5_060,162090,165822,14.75,os_hr_bonus.tax_table_m5
table_m5_061,165823,169731,15,os_hr_bonus.tax_table_m5
table_m5_062,169732,173829,15.25,os_hr_bonus.tax_table_m5
table_m5_063,173830,178129,15.5,os_hr_bonus.tax_table_m5
table_m5_064,178130,182648,15.75,os_hr_bonus.tax_table_m5
table_m5_065,182649,99999999,16,os_hr_bonus.tax_table_m5
,,,,
table_m5_5_001,0,42856,0,os_hr_bonus.tax_table_m5_5
table_m5_5_002,42857.14,43698,0.25,os_hr_bonus.tax_table_m5_5
table_m5_5_003,43699,44591,0.5,os_hr_bonus.tax_table_m5_5
table_m5_5_004,44592,45521,0.75,os_hr_bonus.tax_table_m5_5
table_m5_5_005,45522,46491,1,os_hr_bonus.tax_table_m5_5
table_m5_5_006,46492,47504,1.25,os_hr_bonus.tax_table_m5_5
table_m5_5_007,47505,48561,1.5,os_hr_bonus.tax_table_m5_5
table_m5_5_008,48562,49666,1.75,os_hr_bonus.tax_table_m5_5
table_m5_5_009,49667,50823,2,os_hr_bonus.tax_table_m5_5
table_m5_5_010,50824,52035,2.25,os_hr_bonus.tax_table_m5_5
table_m5_5_011,52036,53307,2.5,os_hr_bonus.tax_table_m5_5
table_m5_5_012,53308,54642,2.75,os_hr_bonus.tax_table_m5_5
table_m5_5_013,54643,56045,3,os_hr_bonus.tax_table_m5_5
table_m5_5_014,56046,57523,3.25,os_hr_bonus.tax_table_m5_5
table_m5_5_015,57524,59081,3.5,os_hr_bonus.tax_table_m5_5
table_m5_5_016,59082,60725,3.75,os_hr_bonus.tax_table_m5_5
table_m5_5_017,60726,62464,4,os_hr_bonus.tax_table_m5_5
table_m5_5_018,62465,72830,4.25,os_hr_bonus.tax_table_m5_5
table_m5_5_019,72831,74319,4.5,os_hr_bonus.tax_table_m5_5
table_m5_5_020,74320,75869,4.75,os_hr_bonus.tax_table_m5_5
table_m5_5_021,75870,77486,5,os_hr_bonus.tax_table_m5_5
table_m5_5_022,77487,79173,5.25,os_hr_bonus.tax_table_m5_5
table_m5_5_023,79174,80935,5.5,os_hr_bonus.tax_table_m5_5
table_m5_5_024,80936,82778,5.75,os_hr_bonus.tax_table_m5_5
table_m5_5_025,82779,84706,6,os_hr_bonus.tax_table_m5_5
table_m5_5_026,84707,86726,6.25,os_hr_bonus.tax_table_m5_5
table_m5_5_027,86727,88845,6.5,os_hr_bonus.tax_table_m5_5
table_m5_5_028,88846,91070,6.75,os_hr_bonus.tax_table_m5_5
table_m5_5_029,91071,93409,7,os_hr_bonus.tax_table_m5_5
table_m5_5_030,93410,95872,7.25,os_hr_bonus.tax_table_m5_5
table_m5_5_031,95873,98468,7.5,os_hr_bonus.tax_table_m5_5
table_m5_5_032,98469,100500,7.75,os_hr_bonus.tax_table_m5_5
table_m5_5_033,100501,101671,8,os_hr_bonus.tax_table_m5_5
table_m5_5_034,101672,102869,8.25,os_hr_bonus.tax_table_m5_5
table_m5_5_035,102870,104096,8.5,os_hr_bonus.tax_table_m5_5
table_m5_5_036,104097,106217,8.75,os_hr_bonus.tax_table_m5_5
table_m5_5_037,106218,108480,9,os_hr_bonus.tax_table_m5_5
table_m5_5_038,108481,110842,9.25,os_hr_bonus.tax_table_m5_5
table_m5_5_039,110843,113309,9.5,os_hr_bonus.tax_table_m5_5
table_m5_5_040,113310,115889,9.75,os_hr_bonus.tax_table_m5_5
table_m5_5_041,115890,118588,10,os_hr_bonus.tax_table_m5_5
table_m5_5_042,118589,121417,10.25,os_hr_bonus.tax_table_m5_5
table_m5_5_043,121418,124383,10.5,os_hr_bonus.tax_table_m5_5
table_m5_5_044,124384,127498,10.75,os_hr_bonus.tax_table_m5_5
table_m5_5_045,127499,129525,11,os_hr_bonus.tax_table_m5_5
table_m5_5_046,129526,130983,11.25,os_hr_bonus.tax_table_m5_5
table_m5_5_047,130984,132475,11.5,os_hr_bonus.tax_table_m5_5
table_m5_5_048,132476,134000,11.75,os_hr_bonus.tax_table_m5_5
table_m5_5_049,134001,135561,12,os_hr_bonus.tax_table_m5_5
table_m5_5_050,135562,137159,12.25,os_hr_bonus.tax_table_m5_5
table_m5_5_051,137160,138795,12.5,os_hr_bonus.tax_table_m5_5
table_m5_5_052,138796,140471,12.75,os_hr_bonus.tax_table_m5_5
table_m5_5_053,140472,142187,13,os_hr_bonus.tax_table_m5_5
table_m5_5_054,142188,143946,13.25,os_hr_bonus.tax_table_m5_5
table_m5_5_055,143947,145749,13.5,os_hr_bonus.tax_table_m5_5
table_m5_5_056,145750,149000,13.75,os_hr_bonus.tax_table_m5_5
table_m5_5_057,149001,152471,14,os_hr_bonus.tax_table_m5_5
table_m5_5_058,152472,156107,14.25,os_hr_bonus.tax_table_m5_5
table_m5_5_059,156108,159921,14.5,os_hr_bonus.tax_table_m5_5
table_m5_5_060,159922,163926,14.75,os_hr_bonus.tax_table_m5_5
table_m5_5_061,163927,168137,15,os_hr_bonus.tax_table_m5_5
table_m5_5_062,168138,172570,15.25,os_hr_bonus.tax_table_m5_5
table_m5_5_063,172571,177243,15.5,os_hr_bonus.tax_table_m5_5
table_m5_5_064,177244,182177,15.75,os_hr_bonus.tax_table_m5_5
table_m5_5_065,182178,99999999,16,os_hr_bonus.tax_table_m5_5
,,,,
table_m6_001,0,41666,0,os_hr_bonus.tax_table_m6
table_m6_002,41666.67,42535,0.25,os_hr_bonus.tax_table_m6
table_m6_003,42536,43459,0.5,os_hr_bonus.tax_table_m6
table_m6_004,43460,44424,0.75,os_hr_bonus.tax_table_m6
table_m6_005,44425,45433,1,os_hr_bonus.tax_table_m6
table_m6_006,45434,46490,1.25,os_hr_bonus.tax_table_m6
table_m6_007,46491,47596,1.5,os_hr_bonus.tax_table_m6
table_m6_008,47597,48756,1.75,os_hr_bonus.tax_table_m6
table_m6_009,48757,49975,2,os_hr_bonus.tax_table_m6
table_m6_010,49976,51255,2.25,os_hr_bonus.tax_table_m6
table_m6_011,51256,52603,2.5,os_hr_bonus.tax_table_m6
table_m6_012,52604,54024,2.75,os_hr_bonus.tax_table_m6
table_m6_013,54025,55524,3,os_hr_bonus.tax_table_m6
table_m6_014,55525,57110,3.25,os_hr_bonus.tax_table_m6
table_m6_015,57111,58788,3.5,os_hr_bonus.tax_table_m6
table_m6_016,58789,60569,3.75,os_hr_bonus.tax_table_m6
table_m6_017,60570,62460,4,os_hr_bonus.tax_table_m6
table_m6_018,62461,70891,4.25,os_hr_bonus.tax_table_m6
table_m6_019,70892,72432,4.5,os_hr_bonus.tax_table_m6
table_m6_020,72433,74041,4.75,os_hr_bonus.tax_table_m6
table_m6_021,74042,75723,5,os_hr_bonus.tax_table_m6
table_m6_022,75724,77483,5.25,os_hr_bonus.tax_table_m6
table_m6_023,77484,79327,5.5,os_hr_bonus.tax_table_m6
table_m6_024,79328,81261,5.75,os_hr_bonus.tax_table_m6
table_m6_025,81262,83291,6,os_hr_bonus.tax_table_m6
table_m6_026,83292,85426,6.25,os_hr_bonus.tax_table_m6
table_m6_027,85427,87673,6.5,os_hr_bonus.tax_table_m6
table_m6_028,87674,90041,6.75,os_hr_bonus.tax_table_m6
table_m6_029,90042,92541,7,os_hr_bonus.tax_table_m6
table_m6_030,92542,95183,7.25,os_hr_bonus.tax_table_m6
table_m6_031,95184,97537,7.5,os_hr_bonus.tax_table_m6
table_m6_032,97538,98741,7.75,os_hr_bonus.tax_table_m6
table_m6_033,98742,99975,8,os_hr_bonus.tax_table_m6
table_m6_034,99976,101240,8.25,os_hr_bonus.tax_table_m6
table_m6_035,101241,102537,8.5,os_hr_bonus.tax_table_m6
table_m6_036,102538,103869,8.75,os_hr_bonus.tax_table_m6
table_m6_037,103870,106012,9,os_hr_bonus.tax_table_m6
table_m6_038,106013,108476,9.25,os_hr_bonus.tax_table_m6
table_m6_039,108477,111058,9.5,os_hr_bonus.tax_table_m6
table_m6_040,111059,113765,9.75,os_hr_bonus.tax_table_m6
table_m6_041,113766,116608,10,os_hr_bonus.tax_table_m6
table_m6_042,116609,119596,10.25,os_hr_bonus.tax_table_m6
table_m6_043,119597,122742,10.5,os_hr_bonus.tax_table_m6
table_m6_044,122743,125460,10.75,os_hr_bonus.tax_table_m6
table_m6_045,125461,126953,11,os_hr_bonus.tax_table_m6
table_m6_046,126954,128483,11.25,os_hr_bonus.tax_table_m6
table_m6_047,128484,130049,11.5,os_hr_bonus.tax_table_m6
table_m6_048,130050,131654,11.75,os_hr_bonus.tax_table_m6
table_m6_049,131655,133300,12,os_hr_bonus.tax_table_m6
table_m6_050,133301,134986,12.25,os_hr_bonus.tax_table_m6
table_m6_051,134987,136717,12.5,os_hr_bonus.tax_table_m6
table_m6_052,136718,138492,12.75,os_hr_bonus.tax_table_m6
table_m6_053,138493,140313,13,os_hr_bonus.tax_table_m6
table_m6_054,140314,142184,13.25,os_hr_bonus.tax_table_m6
table_m6_055,142185,144105,13.5,os_hr_bonus.tax_table_m6
table_m6_056,144106,146270,13.75,os_hr_bonus.tax_table_m6
table_m6_057,146271,149925,14,os_hr_bonus.tax_table_m6
table_m6_058,149926,153767,14.25,os_hr_bonus.tax_table_m6
table_m6_059,153768,157811,14.5,os_hr_bonus.tax_table_m6
table_m6_060,157812,162074,14.75,os_hr_bonus.tax_table_m6
table_m6_061,162075,166574,15,os_hr_bonus.tax_table_m6
table_m6_062,166575,171330,15.25,os_hr_bonus.tax_table_m6
table_m6_063,171331,176366,15.5,os_hr_bonus.tax_table_m6
table_m6_064,176367,181708,15.75,os_hr_bonus.tax_table_m6
table_m6_065,181709,99999999,16,os_hr_bonus.tax_table_m6
,,,,
table_m6_5_001,0,40540,0,os_hr_bonus.tax_table_m6_5
table_m6_5_002,40540.54,41432,0.25,os_hr_bonus.tax_table_m6_5
table_m6_5_003,41433,42383,0.5,os_hr_bonus.tax_table_m6_5
table_m6_5_004,42384,43379,0.75,os_hr_bonus.tax_table_m6_5
table_m6_5_005,43380,44423,1,os_hr_bonus.tax_table_m6_5
table_m6_5_006,44424,45518,1.25,os_hr_bonus.tax_table_m6_5
table_m6_5_007,45519,46668,1.5,os_hr_bonus.tax_table_m6_5
table_m6_5_008,46669,47879,1.75,os_hr_bonus.tax_table_m6_5
table_m6_5_009,47880,49154,2,os_hr_bonus.tax_table_m6_5
table_m6_5_010,49155,50498,2.25,os_hr_bonus.tax_table_m6_5
table_m6_5_011,50499,51918,2.5,os_hr_bonus.tax_table_m6_5
table_m6_5_012,51919,53421,2.75,os_hr_bonus.tax_table_m6_5
table_m6_5_013,53422,55013,3,os_hr_bonus.tax_table_m6_5
table_m6_5_014,55014,56702,3.25,os_hr_bonus.tax_table_m6_5
table_m6_5_015,56703,58499,3.5,os_hr_bonus.tax_table_m6_5
table_m6_5_016,58500,60413,3.75,os_hr_bonus.tax_table_m6_5
table_m6_5_017,60414,62457,4,os_hr_bonus.tax_table_m6_5
table_m6_5_018,62458,69053,4.25,os_hr_bonus.tax_table_m6_5
table_m6_5_019,69054,70638,4.5,os_hr_bonus.tax_table_m6_5
table_m6_5_020,70639,72298,4.75,os_hr_bonus.tax_table_m6_5
table_m6_5_021,72299,74038,5,os_hr_bonus.tax_table_m6_5
table_m6_5_022,74039,75863,5.25,os_hr_bonus.tax_table_m6_5
table_m6_5_023,75864,77781,5.5,os_hr_bonus.tax_table_m6_5
table_m6_5_024,77782,79798,5.75,os_hr_bonus.tax_table_m6_5
table_m6_5_025,79799,81923,6,os_hr_bonus.tax_table_m6_5
table_m6_5_026,81924,84164,6.25,os_hr_bonus.tax_table_m6_5
table_m6_5_027,84165,86531,6.5,os_hr_bonus.tax_table_m6_5
table_m6_5_028,86532,89035,6.75,os_hr_bonus.tax_table_m6_5
table_m6_5_029,89036,91688,7,os_hr_bonus.tax_table_m6_5
table_m6_5_030,91689,94504,7.25,os_hr_bonus.tax_table_m6_5
table_m6_5_031,94505,95783,7.5,os_hr_bonus.tax_table_m6_5
table_m6_5_032,95784,97042,7.75,os_hr_bonus.tax_table_m6_5
table_m6_5_033,97043,98334,8,os_hr_bonus.tax_table_m6_5
table_m6_5_034,98335,99661,8.25,os_hr_bonus.tax_table_m6_5
table_m6_5_035,99662,101024,8.5,os_hr_bonus.tax_table_m6_5
table_m6_5_036,101025,102426,8.75,os_hr_bonus.tax_table_m6_5
table_m6_5_037,102427,103866,9,os_hr_bonus.tax_table_m6_5
table_m6_5_038,103867,106209,9.25,os_hr_bonus.tax_table_m6_5
table_m6_5_039,106210,108894,9.5,os_hr_bonus.tax_table_m6_5
table_m6_5_040,108895,111718,9.75,os_hr_bonus.tax_table_m6_5
table_m6_5_041,111719,114692,10,os_hr_bonus.tax_table_m6_5
table_m6_5_042,114693,117830,10.25,os_hr_bonus.tax_table_m6_5
table_m6_5_043,117831,121143,10.5,os_hr_bonus.tax_table_m6_5
table_m6_5_044,121144,122927,10.75,os_hr_bonus.tax_table_m6_5
table_m6_5_045,122928,124482,11,os_hr_bonus.tax_table_m6_5
table_m6_5_046,124483,126076,11.25,os_hr_bonus.tax_table_m6_5
table_m6_5_047,126077,127711,11.5,os_hr_bonus.tax_table_m6_5
table_m6_5_048,127712,129389,11.75,os_hr_bonus.tax_table_m6_5
table_m6_5_049,129390,131112,12,os_hr_bonus.tax_table_m6_5
table_m6_5_050,131113,132882,12.25,os_hr_bonus.tax_table_m6_5
table_m6_5_051,132883,134699,12.5,os_hr_bonus.tax_table_m6_5
table_m6_5_052,134700,136568,12.75,os_hr_bonus.tax_table_m6_5
table_m6_5_053,136569,138489,13,os_hr_bonus.tax_table_m6_5
table_m6_5_054,138490,140464,13.25,os_hr_bonus.tax_table_m6_5
table_m6_5_055,140465,142497,13.5,os_hr_bonus.tax_table_m6_5
table_m6_5_056,142498,144590,13.75,os_hr_bonus.tax_table_m6_5
table_m6_5_057,144591,147462,14,os_hr_bonus.tax_table_m6_5
table_m6_5_058,147463,151496,14.25,os_hr_bonus.tax_table_m6_5
table_m6_5_059,151497,155756,14.5,os_hr_bonus.tax_table_m6_5
table_m6_5_060,155757,160263,14.75,os_hr_bonus.tax_table_m6_5
table_m6_5_061,160264,165039,15,os_hr_bonus.tax_table_m6_5
table_m6_5_062,165040,170108,15.25,os_hr_bonus.tax_table_m6_5
table_m6_5_063,170109,175498,15.5,os_hr_bonus.tax_table_m6_5
table_m6_5_064,175499,181241,15.75,os_hr_bonus.tax_table_m6_5
table_m6_5_065,181242,99999999,16,os_hr_bonus.tax_table_m6_5
,,,,
table_m7_001,0,39473,0,os_hr_bonus.tax_table_m7
table_m7_002,39473.68,40385,0.25,os_hr_bonus.tax_table_m7
table_m7_003,40386,41359,0.5,os_hr_bonus.tax_table_m7
table_m7_004,41360,42381,0.75,os_hr_bonus.tax_table_m7
table_m7_005,42382,43456,1,os_hr_bonus.tax_table_m7
table_m7_006,43457,44586,1.25,os_hr_bonus.tax_table_m7
table_m7_007,44587,45777,1.5,os_hr_bonus.tax_table_m7
table_m7_008,45778,47033,1.75,os_hr_bonus.tax_table_m7
table_m7_009,47034,48359,2,os_hr_bonus.tax_table_m7
table_m7_010,48360,49763,2.25,os_hr_bonus.tax_table_m7
table_m7_011,49764,51251,2.5,os_hr_bonus.tax_table_m7
table_m7_012,51252,52830,2.75,os_hr_bonus.tax_table_m7
table_m7_013,52831,54510,3,os_hr_bonus.tax_table_m7
table_m7_014,54511,56301,3.25,os_hr_bonus.tax_table_m7
table_m7_015,56302,58212,3.5,os_hr_bonus.tax_table_m7
table_m7_016,58213,60259,3.75,os_hr_bonus.tax_table_m7
table_m7_017,60260,62454,4,os_hr_bonus.tax_table_m7
table_m7_018,62455,67308,4.25,os_hr_bonus.tax_table_m7
table_m7_019,67309,68932,4.5,os_hr_bonus.tax_table_m7
table_m7_020,68933,70636,4.75,os_hr_bonus.tax_table_m7
table_m7_021,70637,72427,5,os_hr_bonus.tax_table_m7
table_m7_022,72428,74310,5.25,os_hr_bonus.tax_table_m7
table_m7_023,74311,76295,5.5,os_hr_bonus.tax_table_m7
table_m7_024,76296,78388,5.75,os_hr_bonus.tax_table_m7
table_m7_025,78389,80599,6,os_hr_bonus.tax_table_m7
table_m7_026,80600,82939,6.25,os_hr_bonus.tax_table_m7
table_m7_027,82940,85418,6.5,os_hr_bonus.tax_table_m7
table_m7_028,85419,88051,6.75,os_hr_bonus.tax_table_m7
table_m7_029,88052,90851,7,os_hr_bonus.tax_table_m7
table_m7_030,90852,92818,7.25,os_hr_bonus.tax_table_m7
table_m7_031,92819,94091,7.5,os_hr_bonus.tax_table_m7
table_m7_032,94092,95400,7.75,os_hr_bonus.tax_table_m7
table_m7_033,95401,96746,8,os_hr_bonus.tax_table_m7
table_m7_034,96747,98131,8.25,os_hr_bonus.tax_table_m7
table_m7_035,98132,99556,8.5,os_hr_bonus.tax_table_m7
table_m7_036,99557,101022,8.75,os_hr_bonus.tax_table_m7
table_m7_037,101023,102533,9,os_hr_bonus.tax_table_m7
table_m7_038,102534,104089,9.25,os_hr_bonus.tax_table_m7
table_m7_039,104090,106813,9.5,os_hr_bonus.tax_table_m7
table_m7_040,106814,109743,9.75,os_hr_bonus.tax_table_m7
table_m7_041,109744,112839,10,os_hr_bonus.tax_table_m7
table_m7_042,112840,116115,10.25,os_hr_bonus.tax_table_m7
table_m7_043,116116,118928,10.5,os_hr_bonus.tax_table_m7
table_m7_044,118929,120495,10.75,os_hr_bonus.tax_table_m7
table_m7_045,120496,122104,11,os_hr_bonus.tax_table_m7
table_m7_046,122105,123757,11.25,os_hr_bonus.tax_table_m7
table_m7_047,123758,125455,11.5,os_hr_bonus.tax_table_m7
table_m7_048,125456,127201,11.75,os_hr_bonus.tax_table_m7
table_m7_049,127202,128995,12,os_hr_bonus.tax_table_m7
table_m7_050,128996,130841,12.25,os_hr_bonus.tax_table_m7
table_m7_051,130842,132741,12.5,os_hr_bonus.tax_table_m7
table_m7_052,132742,134697,12.75,os_hr_bonus.tax_table_m7
table_m7_053,134698,136711,13,os_hr_bonus.tax_table_m7
table_m7_054,136712,138786,13.25,os_hr_bonus.tax_table_m7
table_m7_055,138787,140925,13.5,os_hr_bonus.tax_table_m7
table_m7_056,140926,143131,13.75,os_hr_bonus.tax_table_m7
table_m7_057,143132,145408,14,os_hr_bonus.tax_table_m7
table_m7_058,145409,149290,14.25,os_hr_bonus.tax_table_m7
table_m7_059,149291,153754,14.5,os_hr_bonus.tax_table_m7
table_m7_060,153755,158492,14.75,os_hr_bonus.tax_table_m7
table_m7_061,158493,163532,15,os_hr_bonus.tax_table_m7
table_m7_062,163533,168903,15.25,os_hr_bonus.tax_table_m7
table_m7_063,168904,174638,15.5,os_hr_bonus.tax_table_m7
table_m7_064,174639,180777,15.75,os_hr_bonus.tax_table_m7
table_m7_065,180778,99999999,16,os_hr_bonus.tax_table_m7
,,,,
table_m7_5_001,0,38461,0,os_hr_bonus.tax_table_m7_5
table_m7_5_002,38461.54,39389,0.25,os_hr_bonus.tax_table_m7_5
table_m7_5_003,39390,40383,0.5,os_hr_bonus.tax_table_m7_5
table_m7_5_004,40384,41429,0.75,os_hr_bonus.tax_table_m7_5
table_m7_5_005,41430,42530,1,os_hr_bonus.tax_table_m7_5
table_m7_5_006,42531,43691,1.25,os_hr_bonus.tax_table_m7_5
table_m7_5_007,43692,44918,1.5,os_hr_bonus.tax_table_m7_5
table_m7_5_008,44919,46216,1.75,os_hr_bonus.tax_table_m7_5
table_m7_5_009,46217,47590,2,os_hr_bonus.tax_table_m7_5
table_m7_5_010,47591,49049,2.25,os_hr_bonus.tax_table_m7_5
table_m7_5_011,49050,50600,2.5,os_hr_bonus.tax_table_m7_5
table_m7_5_012,50601,52253,2.75,os_hr_bonus.tax_table_m7_5
table_m7_5_013,52254,54017,3,os_hr_bonus.tax_table_m7_5
table_m7_5_014,54018,55904,3.25,os_hr_bonus.tax_table_m7_5
table_m7_5_015,55905,57929,3.5,os_hr_bonus.tax_table_m7_5
table_m7_5_016,57930,60105,3.75,os_hr_bonus.tax_table_m7_5
table_m7_5_017,60106,62451,4,os_hr_bonus.tax_table_m7_5
table_m7_5_018,62452,65649,4.25,os_hr_bonus.tax_table_m7_5
table_m7_5_019,65650,67306,4.5,os_hr_bonus.tax_table_m7_5
table_m7_5_020,67307,69048,4.75,os_hr_bonus.tax_table_m7_5
table_m7_5_021,69049,70884,5,os_hr_bonus.tax_table_m7_5
table_m7_5_022,70885,72819,5.25,os_hr_bonus.tax_table_m7_5
table_m7_5_023,72820,74864,5.5,os_hr_bonus.tax_table_m7_5
table_m7_5_024,74865,77026,5.75,os_hr_bonus.tax_table_m7_5
table_m7_5_025,77027,79317,6,os_hr_bonus.tax_table_m7_5
table_m7_5_026,79318,81749,6.25,os_hr_bonus.tax_table_m7_5
table_m7_5_027,81750,84334,6.5,os_hr_bonus.tax_table_m7_5
table_m7_5_028,84335,87089,6.75,os_hr_bonus.tax_table_m7_5
table_m7_5_029,87090,89862,7,os_hr_bonus.tax_table_m7_5
table_m7_5_030,89863,91142,7.25,os_hr_bonus.tax_table_m7_5
table_m7_5_031,91143,92458,7.5,os_hr_bonus.tax_table_m7_5
table_m7_5_032,92459,93814,7.75,os_hr_bonus.tax_table_m7_5
table_m7_5_033,93815,95209,8,os_hr_bonus.tax_table_m7_5
table_m7_5_034,95210,96647,8.25,os_hr_bonus.tax_table_m7_5
table_m7_5_035,96648,98129,8.5,os_hr_bonus.tax_table_m7_5
table_m7_5_036,98130,99657,8.75,os_hr_bonus.tax_table_m7_5
table_m7_5_037,99658,101233,9,os_hr_bonus.tax_table_m7_5
table_m7_5_038,101234,102860,9.25,os_hr_bonus.tax_table_m7_5
table_m7_5_039,102861,104810,9.5,os_hr_bonus.tax_table_m7_5
table_m7_5_040,104811,107837,9.75,os_hr_bonus.tax_table_m7_5
table_m7_5_041,107838,111045,10,os_hr_bonus.tax_table_m7_5
table_m7_5_042,111046,114449,10.25,os_hr_bonus.tax_table_m7_5
table_m7_5_043,114450,116543,10.5,os_hr_bonus.tax_table_m7_5
table_m7_5_044,116544,118157,10.75,os_hr_bonus.tax_table_m7_5
table_m7_5_045,118158,119816,11,os_hr_bonus.tax_table_m7_5
table_m7_5_046,119817,121522,11.25,os_hr_bonus.tax_table_m7_5
table_m7_5_047,121523,123278,11.5,os_hr_bonus.tax_table_m7_5
table_m7_5_048,123279,125085,11.75,os_hr_bonus.tax_table_m7_5
table_m7_5_049,125086,126946,12,os_hr_bonus.tax_table_m7_5
table_m7_5_050,126947,128863,12.25,os_hr_bonus.tax_table_m7_5
table_m7_5_051,128864,130839,12.5,os_hr_bonus.tax_table_m7_5
table_m7_5_052,130840,132876,12.75,os_hr_bonus.tax_table_m7_5
table_m7_5_053,132877,134978,13,os_hr_bonus.tax_table_m7_5
table_m7_5_054,134979,137147,13.25,os_hr_bonus.tax_table_m7_5
table_m7_5_055,137148,139387,13.5,os_hr_bonus.tax_table_m7_5
table_m7_5_056,139388,141702,13.75,os_hr_bonus.tax_table_m7_5
table_m7_5_057,141703,144095,14,os_hr_bonus.tax_table_m7_5
table_m7_5_058,144096,147149,14.25,os_hr_bonus.tax_table_m7_5
table_m7_5_059,147150,151802,14.5,os_hr_bonus.tax_table_m7_5
table_m7_5_060,151803,156760,14.75,os_hr_bonus.tax_table_m7_5
table_m7_5_061,156761,162052,15,os_hr_bonus.tax_table_m7_5
table_m7_5_062,162053,167714,15.25,os_hr_bonus.tax_table_m7_5
table_m7_5_063,167715,173787,15.5,os_hr_bonus.tax_table_m7_5
table_m7_5_064,173788,180315,15.75,os_hr_bonus.tax_table_m7_5
table_m7_5_065,180316,99999999,16,os_hr_bonus.tax_table_m7_5
,,,,
table_m8_001,0,37499,0,os_hr_bonus.tax_table_m8
table_m8_002,37500,38441,0.25,os_hr_bonus.tax_table_m8
table_m8_003,38442,39452,0.5,os_hr_bonus.tax_table_m8
table_m8_004,39453,40518,0.75,os_hr_bonus.tax_table_m8
table_m8_005,40519,41643,1,os_hr_bonus.tax_table_m8
table_m8_006,41644,42832,1.25,os_hr_bonus.tax_table_m8
table_m8_007,42833,44091,1.5,os_hr_bonus.tax_table_m8
table_m8_008,44092,45427,1.75,os_hr_bonus.tax_table_m8
table_m8_009,45428,46845,2,os_hr_bonus.tax_table_m8
table_m8_010,46846,48355,2.25,os_hr_bonus.tax_table_m8
table_m8_011,48356,49966,2.5,os_hr_bonus.tax_table_m8
table_m8_012,49967,51688,2.75,os_hr_bonus.tax_table_m8
table_m8_013,51689,53533,3,os_hr_bonus.tax_table_m8
table_m8_014,53534,55514,3.25,os_hr_bonus.tax_table_m8
table_m8_015,55515,57647,3.5,os_hr_bonus.tax_table_m8
table_m8_016,57648,59952,3.75,os_hr_bonus.tax_table_m8
table_m8_017,59953,62447,4,os_hr_bonus.tax_table_m8
table_m8_018,62448,64069,4.25,os_hr_bonus.tax_table_m8
table_m8_019,64070,65754,4.5,os_hr_bonus.tax_table_m8
table_m8_020,65755,67531,4.75,os_hr_bonus.tax_table_m8
table_m8_021,67532,69405,5,os_hr_bonus.tax_table_m8
table_m8_022,69406,71387,5.25,os_hr_bonus.tax_table_m8
table_m8_023,71388,73486,5.5,os_hr_bonus.tax_table_m8
table_m8_024,73487,75711,5.75,os_hr_bonus.tax_table_m8
table_m8_025,75712,78076,6,os_hr_bonus.tax_table_m8
table_m8_026,78077,80593,6.25,os_hr_bonus.tax_table_m8
table_m8_027,80594,83277,6.5,os_hr_bonus.tax_table_m8
table_m8_028,83278,86147,6.75,os_hr_bonus.tax_table_m8
table_m8_029,86148,88209,7,os_hr_bonus.tax_table_m8
table_m8_030,88210,89525,7.25,os_hr_bonus.tax_table_m8
table_m8_031,89526,90881,7.5,os_hr_bonus.tax_table_m8
table_m8_032,90882,92279,7.75,os_hr_bonus.tax_table_m8
table_m8_033,92280,93720,8,os_hr_bonus.tax_table_m8
table_m8_034,93721,95207,8.25,os_hr_bonus.tax_table_m8
table_m8_035,95208,96742,8.5,os_hr_bonus.tax_table_m8
table_m8_036,96743,98328,8.75,os_hr_bonus.tax_table_m8
table_m8_037,98329,99966,9,os_hr_bonus.tax_table_m8
table_m8_038,99967,101660,9.25,os_hr_bonus.tax_table_m8
table_m8_039,101661,103412,9.5,os_hr_bonus.tax_table_m8
table_m8_040,103413,105996,9.75,os_hr_bonus.tax_table_m8
table_m8_041,105997,109306,10,os_hr_bonus.tax_table_m8
table_m8_042,109307,112644,10.25,os_hr_bonus.tax_table_m8
table_m8_043,112645,114253,10.5,os_hr_bonus.tax_table_m8
table_m8_044,114254,115908,10.75,os_hr_bonus.tax_table_m8
table_m8_045,115909,117612,11,os_hr_bonus.tax_table_m8
table_m8_046,117613,119367,11.25,os_hr_bonus.tax_table_m8
table_m8_047,119368,121175,11.5,os_hr_bonus.tax_table_m8
table_m8_048,121176,123039,11.75,os_hr_bonus.tax_table_m8
table_m8_049,123040,124960,12,os_hr_bonus.tax_table_m8
table_m8_050,124961,126943,12.25,os_hr_bonus.tax_table_m8
table_m8_051,126944,128990,12.5,os_hr_bonus.tax_table_m8
table_m8_052,128991,131104,12.75,os_hr_bonus.tax_table_m8
table_m8_053,131105,133288,13,os_hr_bonus.tax_table_m8
table_m8_054,133289,135547,13.25,os_hr_bonus.tax_table_m8
table_m8_055,135548,137883,13.5,os_hr_bonus.tax_table_m8
table_m8_056,137884,140301,13.75,os_hr_bonus.tax_table_m8
table_m8_057,140302,142806,14,os_hr_bonus.tax_table_m8
table_m8_058,142807,145401,14.25,os_hr_bonus.tax_table_m8
table_m8_059,145402,149900,14.5,os_hr_bonus.tax_table_m8
table_m8_060,149901,155065,14.75,os_hr_bonus.tax_table_m8
table_m8_061,155066,160599,15,os_hr_bonus.tax_table_m8
table_m8_062,160600,166543,15.25,os_hr_bonus.tax_table_m8
table_m8_063,166544,172943,15.5,os_hr_bonus.tax_table_m8
table_m8_064,172944,179856,15.75,os_hr_bonus.tax_table_m8
table_m8_065,179857,99999999,16,os_hr_bonus.tax_table_m8
,,,,
table_m8_5_001,0,36584,0,os_hr_bonus.tax_table_m8_5
table_m8_5_002,36585.37,37538,0.25,os_hr_bonus.tax_table_m8_5
table_m8_5_003,37539,38564,0.5,os_hr_bonus.tax_table_m8_5
table_m8_5_004,38565,39647,0.75,os_hr_bonus.tax_table_m8_5
table_m8_5_005,39648,40792,1,os_hr_bonus.tax_table_m8_5
table_m8_5_006,40793,42006,1.25,os_hr_bonus.tax_table_m8_5
table_m8_5_007,42007,43294,1.5,os_hr_bonus.tax_table_m8_5
table_m8_5_008,43295,44664,1.75,os_hr_bonus.tax_table_m8_5
table_m8_5_009,44665,46123,2,os_hr_bonus.tax_table_m8_5
table_m8_5_010,46124,47681,2.25,os_hr_bonus.tax_table_m8_5
table_m8_5_011,47682,49348,2.5,os_hr_bonus.tax_table_m8_5
table_m8_5_012,49349,51135,2.75,os_hr_bonus.tax_table_m8_5
table_m8_5_013,51136,53057,3,os_hr_bonus.tax_table_m8_5
table_m8_5_014,53058,55129,3.25,os_hr_bonus.tax_table_m8_5
table_m8_5_015,55130,57369,3.5,os_hr_bonus.tax_table_m8_5
table_m8_5_016,57370,59799,3.75,os_hr_bonus.tax_table_m8_5
table_m8_5_017,59800,61518,4,os_hr_bonus.tax_table_m8_5
table_m8_5_018,61519,62564,4.25,os_hr_bonus.tax_table_m8_5
table_m8_5_019,62565,64273,4.5,os_hr_bonus.tax_table_m8_5
table_m8_5_020,64274,66078,4.75,os_hr_bonus.tax_table_m8_5
table_m8_5_021,66079,67987,5,os_hr_bonus.tax_table_m8_5
table_m8_5_022,67988,70010,5.25,os_hr_bonus.tax_table_m8_5
table_m8_5_023,70011,72157,5.5,os_hr_bonus.tax_table_m8_5
table_m8_5_024,72158,74440,5.75,os_hr_bonus.tax_table_m8_5
table_m8_5_025,74441,76872,6,os_hr_bonus.tax_table_m8_5
table_m8_5_026,76873,79469,6.25,os_hr_bonus.tax_table_m8_5
table_m8_5_027,79470,82246,6.5,os_hr_bonus.tax_table_m8_5
table_m8_5_028,82247,85226,6.75,os_hr_bonus.tax_table_m8_5
table_m8_5_029,85227,86616,7,os_hr_bonus.tax_table_m8_5
table_m8_5_030,86617,87965,7.25,os_hr_bonus.tax_table_m8_5
table_m8_5_031,87966,89357,7.5,os_hr_bonus.tax_table_m8_5
table_m8_5_032,89358,90793,7.75,os_hr_bonus.tax_table_m8_5
table_m8_5_033,90794,92277,8,os_hr_bonus.tax_table_m8_5
table_m8_5_034,92278,93810,8.25,os_hr_bonus.tax_table_m8_5
table_m8_5_035,93811,95395,8.5,os_hr_bonus.tax_table_m8_5
table_m8_5_036,95396,97034,8.75,os_hr_bonus.tax_table_m8_5
table_m8_5_037,97035,98730,9,os_hr_bonus.tax_table_m8_5
table_m8_5_038,98731,100487,9.25,os_hr_bonus.tax_table_m8_5
table_m8_5_039,100488,102308,9.5,os_hr_bonus.tax_table_m8_5
table_m8_5_040,102309,104217,9.75,os_hr_bonus.tax_table_m8_5
table_m8_5_041,104218,107621,10,os_hr_bonus.tax_table_m8_5
table_m8_5_042,107622,110407,10.25,os_hr_bonus.tax_table_m8_5
table_m8_5_043,110408,112050,10.5,os_hr_bonus.tax_table_m8_5
table_m8_5_044,112051,113743,10.75,os_hr_bonus.tax_table_m8_5
table_m8_5_045,113744,115488,11,os_hr_bonus.tax_table_m8_5
table_m8_5_046,115489,117287,11.25,os_hr_bonus.tax_table_m8_5
table_m8_5_047,117288,119142,11.5,os_hr_bonus.tax_table_m8_5
table_m8_5_048,119143,121058,11.75,os_hr_bonus.tax_table_m8_5
table_m8_5_049,121059,123036,12,os_hr_bonus.tax_table_m8_5
table_m8_5_050,123037,125080,12.25,os_hr_bonus.tax_table_m8_5
table_m8_5_051,125081,127193,12.5,os_hr_bonus.tax_table_m8_5
table_m8_5_052,127194,129379,12.75,os_hr_bonus.tax_table_m8_5
table_m8_5_053,129380,131641,13,os_hr_bonus.tax_table_m8_5
table_m8_5_054,131642,133983,13.25,os_hr_bonus.tax_table_m8_5
table_m8_5_055,133984,136411,13.5,os_hr_bonus.tax_table_m8_5
table_m8_5_056,136412,138928,13.75,os_hr_bonus.tax_table_m8_5
table_m8_5_057,138929,141539,14,os_hr_bonus.tax_table_m8_5
table_m8_5_058,141540,144251,14.25,os_hr_bonus.tax_table_m8_5
table_m8_5_059,144252,148044,14.5,os_hr_bonus.tax_table_m8_5
table_m8_5_060,148045,153406,14.75,os_hr_bonus.tax_table_m8_5
table_m8_5_061,153407,159172,15,os_hr_bonus.tax_table_m8_5
table_m8_5_062,159173,165388,15.25,os_hr_bonus.tax_table_m8_5
table_m8_5_063,165389,172108,15.5,os_hr_bonus.tax_table_m8_5
table_m8_5_064,172109,179399,15.75,os_hr_bonus.tax_table_m8_5
table_m8_5_065,179400,,16,os_hr_bonus.tax_table_m8_5
,,,,
table_m9_001,0,35713,0,os_hr_bonus.tax_table_m9
table_m9_002,35714.29,36677,0.25,os_hr_bonus.tax_table_m9
table_m9_003,36678,37714,0.5,os_hr_bonus.tax_table_m9
table_m9_004,37715,38812,0.75,os_hr_bonus.tax_table_m9
table_m9_005,38813,39976,1,os_hr_bonus.tax_table_m9
table_m9_006,39977,41211,1.25,os_hr_bonus.tax_table_m9
table_m9_007,41212,42526,1.5,os_hr_bonus.tax_table_m9
table_m9_008,42527,43927,1.75,os_hr_bonus.tax_table_m9
table_m9_009,43928,45423,2,os_hr_bonus.tax_table_m9
table_m9_010,45424,47025,2.25,os_hr_bonus.tax_table_m9
table_m9_011,47026,48744,2.5,os_hr_bonus.tax_table_m9
table_m9_012,48745,50594,2.75,os_hr_bonus.tax_table_m9
table_m9_013,50595,52590,3,os_hr_bonus.tax_table_m9
table_m9_014,52591,54749,3.25,os_hr_bonus.tax_table_m9
table_m9_015,54750,57093,3.5,os_hr_bonus.tax_table_m9
table_m9_016,57094,59570,3.75,os_hr_bonus.tax_table_m9
table_m9_017,59571,60585,4,os_hr_bonus.tax_table_m9
table_m9_018,60586,61635,4.25,os_hr_bonus.tax_table_m9
table_m9_019,61636,62857,4.5,os_hr_bonus.tax_table_m9
table_m9_020,62858,64687,4.75,os_hr_bonus.tax_table_m9
table_m9_021,64688,66626,5,os_hr_bonus.tax_table_m9
table_m9_022,66627,68686,5.25,os_hr_bonus.tax_table_m9
table_m9_023,68687,70876,5.5,os_hr_bonus.tax_table_m9
table_m9_024,70877,73211,5.75,os_hr_bonus.tax_table_m9
table_m9_025,73212,75705,6,os_hr_bonus.tax_table_m9
table_m9_026,75706,78376,6.25,os_hr_bonus.tax_table_m9
table_m9_027,78377,81241,6.5,os_hr_bonus.tax_table_m9
table_m9_028,81242,83743,6.75,os_hr_bonus.tax_table_m9
table_m9_029,83744,85079,7,os_hr_bonus.tax_table_m9
table_m9_030,85080,86458,7.25,os_hr_bonus.tax_table_m9
table_m9_031,86459,87883,7.5,os_hr_bonus.tax_table_m9
table_m9_032,87884,89355,7.75,os_hr_bonus.tax_table_m9
table_m9_033,89356,90878,8,os_hr_bonus.tax_table_m9
table_m9_034,90879,92453,8.25,os_hr_bonus.tax_table_m9
table_m9_035,92454,94084,8.5,os_hr_bonus.tax_table_m9
table_m9_036,94085,95773,8.75,os_hr_bonus.tax_table_m9
table_m9_037,95774,97525,9,os_hr_bonus.tax_table_m9
table_m9_038,97526,99341,9.25,os_hr_bonus.tax_table_m9
table_m9_039,99342,101227,9.5,os_hr_bonus.tax_table_m9
table_m9_040,101228,103185,9.75,os_hr_bonus.tax_table_m9
table_m9_041,103186,105988,10,os_hr_bonus.tax_table_m9
table_m9_042,105989,108258,10.25,os_hr_bonus.tax_table_m9
table_m9_043,108259,109931,10.5,os_hr_bonus.tax_table_m9
table_m9_044,109932,111657,10.75,os_hr_bonus.tax_table_m9
table_m9_045,111658,113438,11,os_hr_bonus.tax_table_m9
table_m9_046,113439,115277,11.25,os_hr_bonus.tax_table_m9
table_m9_047,115278,117177,11.5,os_hr_bonus.tax_table_m9
table_m9_048,117178,119140,11.75,os_hr_bonus.tax_table_m9
table_m9_049,119141,121170,12,os_hr_bonus.tax_table_m9
table_m9_050,121171,123271,12.25,os_hr_bonus.tax_table_m9
table_m9_051,123272,125445,12.5,os_hr_bonus.tax_table_m9
table_m9_052,125446,127698,12.75,os_hr_bonus.tax_table_m9
table_m9_053,127699,130033,13,os_hr_bonus.tax_table_m9
table_m9_054,130034,132455,13.25,os_hr_bonus.tax_table_m9
table_m9_055,132456,134969,13.5,os_hr_bonus.tax_table_m9
table_m9_056,134970,137581,13.75,os_hr_bonus.tax_table_m9
table_m9_057,137582,140295,14,os_hr_bonus.tax_table_m9
table_m9_058,140296,143119,14.25,os_hr_bonus.tax_table_m9
table_m9_059,143120,146234,14.5,os_hr_bonus.tax_table_m9
table_m9_060,146235,151783,14.75,os_hr_bonus.tax_table_m9
table_m9_061,151784,157770,15,os_hr_bonus.tax_table_m9
table_m9_062,157771,164248,15.25,os_hr_bonus.tax_table_m9
table_m9_063,164249,171281,15.5,os_hr_bonus.tax_table_m9
table_m9_064,171282,178944,15.75,os_hr_bonus.tax_table_m9
table_m9_065,178945,99999999,16,os_hr_bonus.tax_table_m9
,,,,
table_m9_5_001,0,34883,0,os_hr_bonus.tax_table_m9_5
table_m9_5_002,34883.72,35854,0.25,os_hr_bonus.tax_table_m9_5
table_m9_5_003,35855,36901,0.5,os_hr_bonus.tax_table_m9_5
table_m9_5_004,36902,38011,0.75,os_hr_bonus.tax_table_m9_5
table_m9_5_005,38012,39191,1,os_hr_bonus.tax_table_m9_5
table_m9_5_006,39192,40446,1.25,os_hr_bonus.tax_table_m9_5
table_m9_5_007,40447,41784,1.5,os_hr_bonus.tax_table_m9_5
table_m9_5_008,41785,43213,1.75,os_hr_bonus.tax_table_m9_5
table_m9_5_009,43214,44744,2,os_hr_bonus.tax_table_m9_5
table_m9_5_010,44745,46387,2.25,os_hr_bonus.tax_table_m9_5
table_m9_5_011,46388,48156,2.5,os_hr_bonus.tax_table_m9_5
table_m9_5_012,48157,50064,2.75,os_hr_bonus.tax_table_m9_5
table_m9_5_013,50065,52130,3,os_hr_bonus.tax_table_m9_5
table_m9_5_014,52131,54374,3.25,os_hr_bonus.tax_table_m9_5
table_m9_5_015,54375,56820,3.5,os_hr_bonus.tax_table_m9_5
table_m9_5_016,56821,58641,3.75,os_hr_bonus.tax_table_m9_5
table_m9_5_017,58642,59680,4,os_hr_bonus.tax_table_m9_5
table_m9_5_018,59681,60756,4.25,os_hr_bonus.tax_table_m9_5
table_m9_5_019,60757,61872,4.5,os_hr_bonus.tax_table_m9_5
table_m9_5_020,61873,63353,4.75,os_hr_bonus.tax_table_m9_5
table_m9_5_021,63354,65318,5,os_hr_bonus.tax_table_m9_5
table_m9_5_022,65319,67410,5.25,os_hr_bonus.tax_table_m9_5
table_m9_5_023,67411,69640,5.5,os_hr_bonus.tax_table_m9_5
table_m9_5_024,69641,72022,5.75,os_hr_bonus.tax_table_m9_5
table_m9_5_025,72023,74573,6,os_hr_bonus.tax_table_m9_5
table_m9_5_026,74574,77312,6.25,os_hr_bonus.tax_table_m9_5
table_m9_5_027,77313,80260,6.5,os_hr_bonus.tax_table_m9_5
table_m9_5_028,80261,82235,6.75,os_hr_bonus.tax_table_m9_5
table_m9_5_029,82236,83596,7,os_hr_bonus.tax_table_m9_5
table_m9_5_030,83597,85002,7.25,os_hr_bonus.tax_table_m9_5
table_m9_5_031,85003,86456,7.5,os_hr_bonus.tax_table_m9_5
table_m9_5_032,86457,87962,7.75,os_hr_bonus.tax_table_m9_5
table_m9_5_033,87963,89520,8,os_hr_bonus.tax_table_m9_5
table_m9_5_034,89521,91135,8.25,os_hr_bonus.tax_table_m9_5
table_m9_5_035,91136,92809,8.5,os_hr_bonus.tax_table_m9_5
table_m9_5_036,92810,94545,8.75,os_hr_bonus.tax_table_m9_5
table_m9_5_037,94546,96348,9,os_hr_bonus.tax_table_m9_5
table_m9_5_038,96349,98221,9.25,os_hr_bonus.tax_table_m9_5
table_m9_5_039,98222,100169,9.5,os_hr_bonus.tax_table_m9_5
table_m9_5_040,100170,102195,9.75,os_hr_bonus.tax_table_m9_5
table_m9_5_041,102196,104403,10,os_hr_bonus.tax_table_m9_5
table_m9_5_042,104404,106190,10.25,os_hr_bonus.tax_table_m9_5
table_m9_5_043,106191,107891,10.5,os_hr_bonus.tax_table_m9_5
table_m9_5_044,107892,109647,10.75,os_hr_bonus.tax_table_m9_5
table_m9_5_045,109648,111461,11,os_hr_bonus.tax_table_m9_5
table_m9_5_046,111462,113336,11.25,os_hr_bonus.tax_table_m9_5
table_m9_5_047,113337,115275,11.5,os_hr_bonus.tax_table_m9_5
table_m9_5_048,115276,117282,11.75,os_hr_bonus.tax_table_m9_5
table_m9_5_049,117283,119360,12,os_hr_bonus.tax_table_m9_5
table_m9_5_050,119361,121513,12.25,os_hr_bonus.tax_table_m9_5
table_m9_5_051,121514,123745,12.5,os_hr_bonus.tax_table_m9_5
table_m9_5_052,123746,126061,12.75,os_hr_bonus.tax_table_m9_5
table_m9_5_053,126062,128465,13,os_hr_bonus.tax_table_m9_5
table_m9_5_054,128466,130962,13.25,os_hr_bonus.tax_table_m9_5
table_m9_5_055,130963,133558,13.5,os_hr_bonus.tax_table_m9_5
table_m9_5_056,133559,136260,13.75,os_hr_bonus.tax_table_m9_5
table_m9_5_057,136261,139072,14,os_hr_bonus.tax_table_m9_5
table_m9_5_058,139073,142004,14.25,os_hr_bonus.tax_table_m9_5
table_m9_5_059,142005,145062,14.5,os_hr_bonus.tax_table_m9_5
table_m9_5_060,145063,150194,14.75,os_hr_bonus.tax_table_m9_5
table_m9_5_061,150195,156392,15,os_hr_bonus.tax_table_m9_5
table_m9_5_062,156393,163124,15.25,os_hr_bonus.tax_table_m9_5
table_m9_5_063,163125,170462,15.5,os_hr_bonus.tax_table_m9_5
table_m9_5_064,170463,178491,15.75,os_hr_bonus.tax_table_m9_5
table_m9_5_065,178492,99999999,16,os_hr_bonus.tax_table_m9_5
,,,,
table_m10_001,0,34090,0,os_hr_bonus.tax_table_m10
table_m10_002,34090.91,35067,0.25,os_hr_bonus.tax_table_m10
table_m10_003,35068,36122,0.5,os_hr_bonus.tax_table_m10
table_m10_004,36123,37243,0.75,os_hr_bonus.tax_table_m10
table_m10_005,37244,38436,1,os_hr_bonus.tax_table_m10
table_m10_006,38437,39708,1.25,os_hr_bonus.tax_table_m10
table_m10_007,39709,41067,1.5,os_hr_bonus.tax_table_m10
table_m10_008,41068,42523,1.75,os_hr_bonus.tax_table_m10
table_m10_009,42524,44085,2,os_hr_bonus.tax_table_m10
table_m10_010,44086,45766,2.25,os_hr_bonus.tax_table_m10
table_m10_011,45767,47581,2.5,os_hr_bonus.tax_table_m10
table_m10_012,47582,49545,2.75,os_hr_bonus.tax_table_m10
table_m10_013,49546,51679,3,os_hr_bonus.tax_table_m10
table_m10_014,51680,54005,3.25,os_hr_bonus.tax_table_m10
table_m10_015,54006,56550,3.5,os_hr_bonus.tax_table_m10
table_m10_016,56551,57740,3.75,os_hr_bonus.tax_table_m10
table_m10_017,57741,58801,4,os_hr_bonus.tax_table_m10
table_m10_018,58802,59902,4.25,os_hr_bonus.tax_table_m10
table_m10_019,59903,61045,4.5,os_hr_bonus.tax_table_m10
table_m10_020,61046,62232,4.75,os_hr_bonus.tax_table_m10
table_m10_021,62233,64061,5,os_hr_bonus.tax_table_m10
table_m10_022,64062,66181,5.25,os_hr_bonus.tax_table_m10
table_m10_023,66182,68446,5.5,os_hr_bonus.tax_table_m10
table_m10_024,68447,70871,5.75,os_hr_bonus.tax_table_m10
table_m10_025,70872,73475,6,os_hr_bonus.tax_table_m10
table_m10_026,73476,76277,6.25,os_hr_bonus.tax_table_m10
table_m10_027,76278,79302,6.5,os_hr_bonus.tax_table_m10
table_m10_028,79303,80780,6.75,os_hr_bonus.tax_table_m10
table_m10_029,80781,82163,7,os_hr_bonus.tax_table_m10
table_m10_030,82164,83594,7.25,os_hr_bonus.tax_table_m10
table_m10_031,83595,85076,7.5,os_hr_bonus.tax_table_m10
table_m10_032,85077,86611,7.75,os_hr_bonus.tax_table_m10
table_m10_033,86612,88202,8,os_hr_bonus.tax_table_m10
table_m10_034,88203,89853,8.25,os_hr_bonus.tax_table_m10
table_m10_035,89854,91568,8.5,os_hr_bonus.tax_table_m10
table_m10_036,91569,93348,8.75,os_hr_bonus.tax_table_m10
table_m10_037,93349,95200,9,os_hr_bonus.tax_table_m10
table_m10_038,95201,97126,9.25,os_hr_bonus.tax_table_m10
table_m10_039,97127,99132,9.5,os_hr_bonus.tax_table_m10
table_m10_040,99133,101223,9.75,os_hr_bonus.tax_table_m10
table_m10_041,101224,102915,10,os_hr_bonus.tax_table_m10
table_m10_042,102916,104200,10.25,os_hr_bonus.tax_table_m10
table_m10_043,104201,105925,10.5,os_hr_bonus.tax_table_m10
table_m10_044,105926,107707,10.75,os_hr_bonus.tax_table_m10
table_m10_045,107708,109551,11,os_hr_bonus.tax_table_m10
table_m10_046,109552,111459,11.25,os_hr_bonus.tax_table_m10
table_m10_047,111460,113434,11.5,os_hr_bonus.tax_table_m10
table_m10_048,113435,115481,11.75,os_hr_bonus.tax_table_m10
table_m10_049,115482,117603,12,os_hr_bonus.tax_table_m10
table_m10_050,117604,119805,12.25,os_hr_bonus.tax_table_m10
table_m10_051,119806,122090,12.5,os_hr_bonus.tax_table_m10
table_m10_052,122091,124465,12.75,os_hr_bonus.tax_table_m10
table_m10_053,124466,126933,13,os_hr_bonus.tax_table_m10
table_m10_054,126934,129502,13.25,os_hr_bonus.tax_table_m10
table_m10_055,129503,132176,13.5,os_hr_bonus.tax_table_m10
table_m10_056,132177,134964,13.75,os_hr_bonus.tax_table_m10
table_m10_057,134965,137871,14,os_hr_bonus.tax_table_m10
table_m10_058,137872,140907,14.25,os_hr_bonus.tax_table_m10
table_m10_059,140908,144079,14.5,os_hr_bonus.tax_table_m10
table_m10_060,144080,148637,14.75,os_hr_bonus.tax_table_m10
table_m10_061,148638,155038,15,os_hr_bonus.tax_table_m10
table_m10_062,155039,162016,15.25,os_hr_bonus.tax_table_m10
table_m10_063,162017,169651,15.5,os_hr_bonus.tax_table_m10
table_m10_064,169652,178041,15.75,os_hr_bonus.tax_table_m10
table_m10_065,178042,99999999,16,os_hr_bonus.tax_table_m10
,,,,
table_m10_5_001,0,33332,0,os_hr_bonus.tax_table_m10_5
table_m10_5_002,33333.33,34314,0.25,os_hr_bonus.tax_table_m10_5
table_m10_5_003,34315,35376,0.5,os_hr_bonus.tax_table_m10_5
table_m10_5_004,35377,36506,0.75,os_hr_bonus.tax_table_m10_5
table_m10_5_005,36507,37710,1,os_hr_bonus.tax_table_m10_5
table_m10_5_006,37711,38997,1.25,os_hr_bonus.tax_table_m10_5
table_m10_5_007,38998,40375,1.5,os_hr_bonus.tax_table_m10_5
table_m10_5_008,40376,41854,1.75,os_hr_bonus.tax_table_m10_5
table_m10_5_009,41855,43445,2,os_hr_bonus.tax_table_m10_5
table_m10_5_010,43446,45162,2.25,os_hr_bonus.tax_table_m10_5
table_m10_5_011,45163,47020,2.5,os_hr_bonus.tax_table_m10_5
table_m10_5_012,47021,49037,2.75,os_hr_bonus.tax_table_m10_5
table_m10_5_013,49038,51236,3,os_hr_bonus.tax_table_m10_5
table_m10_5_014,51237,53640,3.25,os_hr_bonus.tax_table_m10_5
table_m10_5_015,53641,55825,3.5,os_hr_bonus.tax_table_m10_5
table_m10_5_016,55826,56867,3.75,os_hr_bonus.tax_table_m10_5
table_m10_5_017,56868,57948,4,os_hr_bonus.tax_table_m10_5
table_m10_5_018,57949,59072,4.25,os_hr_bonus.tax_table_m10_5
table_m10_5_019,59073,60239,4.5,os_hr_bonus.tax_table_m10_5
table_m10_5_020,60240,61454,4.75,os_hr_bonus.tax_table_m10_5
table_m10_5_021,61455,62851,5,os_hr_bonus.tax_table_m10_5
table_m10_5_022,62852,64996,5.25,os_hr_bonus.tax_table_m10_5
table_m10_5_023,64997,67292,5.5,os_hr_bonus.tax_table_m10_5
table_m10_5_024,67293,69756,5.75,os_hr_bonus.tax_table_m10_5
table_m10_5_025,69757,72408,6,os_hr_bonus.tax_table_m10_5
table_m10_5_026,72409,75270,6.25,os_hr_bonus.tax_table_m10_5
table_m10_5_027,75271,78022,6.5,os_hr_bonus.tax_table_m10_5
table_m10_5_028,78023,79376,6.75,os_hr_bonus.tax_table_m10_5
table_m10_5_029,79377,80779,7,os_hr_bonus.tax_table_m10_5
table_m10_5_030,80780,82232,7.25,os_hr_bonus.tax_table_m10_5
table_m10_5_031,82233,83738,7.5,os_hr_bonus.tax_table_m10_5
table_m10_5_032,83739,85301,7.75,os_hr_bonus.tax_table_m10_5
table_m10_5_033,85302,86923,8,os_hr_bonus.tax_table_m10_5
table_m10_5_034,86924,88608,8.25,os_hr_bonus.tax_table_m10_5
table_m10_5_035,88609,90359,8.5,os_hr_bonus.tax_table_m10_5
table_m10_5_036,90360,92181,8.75,os_hr_bonus.tax_table_m10_5
table_m10_5_037,92182,94078,9,os_hr_bonus.tax_table_m10_5
table_m10_5_038,94079,96055,9.25,os_hr_bonus.tax_table_m10_5
table_m10_5_039,96056,98117,9.5,os_hr_bonus.tax_table_m10_5
table_m10_5_040,98118,100153,9.75,os_hr_bonus.tax_table_m10_5
table_m10_5_041,100154,101423,10,os_hr_bonus.tax_table_m10_5
table_m10_5_042,101424,102725,10.25,os_hr_bonus.tax_table_m10_5
table_m10_5_043,102726,104062,10.5,os_hr_bonus.tax_table_m10_5
table_m10_5_044,104063,105835,10.75,os_hr_bonus.tax_table_m10_5
table_m10_5_045,105836,107706,11,os_hr_bonus.tax_table_m10_5
table_m10_5_046,107707,109643,11.25,os_hr_bonus.tax_table_m10_5
table_m10_5_047,109644,111651,11.5,os_hr_bonus.tax_table_m10_5
table_m10_5_048,111652,113735,11.75,os_hr_bonus.tax_table_m10_5
table_m10_5_049,113736,115897,12,os_hr_bonus.tax_table_m10_5
table_m10_5_050,115898,118144,12.25,os_hr_bonus.tax_table_m10_5
table_m10_5_051,118145,120479,12.5,os_hr_bonus.tax_table_m10_5
table_m10_5_052,120480,122909,12.75,os_hr_bonus.tax_table_m10_5
table_m10_5_053,122910,125438,13,os_hr_bonus.tax_table_m10_5
table_m10_5_054,125439,128074,13.25,os_hr_bonus.tax_table_m10_5
table_m10_5_055,128075,130823,13.5,os_hr_bonus.tax_table_m10_5
table_m10_5_056,130824,133692,13.75,os_hr_bonus.tax_table_m10_5
table_m10_5_057,133693,136690,14,os_hr_bonus.tax_table_m10_5
table_m10_5_058,136691,139826,14.25,os_hr_bonus.tax_table_m10_5
table_m10_5_059,139827,143109,14.5,os_hr_bonus.tax_table_m10_5
table_m10_5_060,143110,147112,14.75,os_hr_bonus.tax_table_m10_5
table_m10_5_061,147113,153708,15,os_hr_bonus.tax_table_m10_5
table_m10_5_062,153709,160922,15.25,os_hr_bonus.tax_table_m10_5
table_m10_5_063,160923,168847,15.5,os_hr_bonus.tax_table_m10_5
table_m10_5_064,168848,177593,15.75,os_hr_bonus.tax_table_m10_5
table_m10_5_065,177594,99999999,16,os_hr_bonus.tax_table_m10_5
,,,,
table_m11_001,0,32608,0,os_hr_bonus.tax_table_m11
table_m11_002,32608.7,33592,0.25,os_hr_bonus.tax_table_m11
table_m11_003,33593,34660,0.5,os_hr_bonus.tax_table_m11
table_m11_004,34661,35797,0.75,os_hr_bonus.tax_table_m11
table_m11_005,35798,37011,1,os_hr_bonus.tax_table_m11
table_m11_006,37012,38311,1.25,os_hr_bonus.tax_table_m11
table_m11_007,38312,39706,1.5,os_hr_bonus.tax_table_m11
table_m11_008,39707,41205,1.75,os_hr_bonus.tax_table_m11
table_m11_009,41206,42823,2,os_hr_bonus.tax_table_m11
table_m11_010,42824,44573,2.25,os_hr_bonus.tax_table_m11
table_m11_011,44574,46472,2.5,os_hr_bonus.tax_table_m11
table_m11_012,46473,48539,2.75,os_hr_bonus.tax_table_m11
table_m11_013,48540,50800,3,os_hr_bonus.tax_table_m11
table_m11_014,50801,53281,3.25,os_hr_bonus.tax_table_m11
table_m11_015,53282,54962,3.5,os_hr_bonus.tax_table_m11
table_m11_016,54963,56020,3.75,os_hr_bonus.tax_table_m11
table_m11_017,56021,57120,4,os_hr_bonus.tax_table_m11
table_m11_018,57121,58264,4.25,os_hr_bonus.tax_table_m11
table_m11_019,58265,59455,4.5,os_hr_bonus.tax_table_m11
table_m11_020,59456,60695,4.75,os_hr_bonus.tax_table_m11
table_m11_021,60696,61989,5,os_hr_bonus.tax_table_m11
table_m11_022,61990,63852,5.25,os_hr_bonus.tax_table_m11
table_m11_023,63853,66176,5.5,os_hr_bonus.tax_table_m11
table_m11_024,66177,68676,5.75,os_hr_bonus.tax_table_m11
table_m11_025,68677,71372,6,os_hr_bonus.tax_table_m11
table_m11_026,71373,74288,6.25,os_hr_bonus.tax_table_m11
table_m11_027,74289,76650,6.5,os_hr_bonus.tax_table_m11
table_m11_028,76651,78020,6.75,os_hr_bonus.tax_table_m11
table_m11_029,78021,79441,7,os_hr_bonus.tax_table_m11
table_m11_030,79442,80914,7.25,os_hr_bonus.tax_table_m11
table_m11_031,80915,82443,7.5,os_hr_bonus.tax_table_m11
table_m11_032,82444,84030,7.75,os_hr_bonus.tax_table_m11
table_m11_033,84031,85680,8,os_hr_bonus.tax_table_m11
table_m11_034,85681,87396,8.25,os_hr_bonus.tax_table_m11
table_m11_035,87397,89182,8.5,os_hr_bonus.tax_table_m11
table_m11_036,89183,91043,8.75,os_hr_bonus.tax_table_m11
table_m11_037,91044,92983,9,os_hr_bonus.tax_table_m11
table_m11_038,92984,95008,9.25,os_hr_bonus.tax_table_m11
table_m11_039,95009,97122,9.5,os_hr_bonus.tax_table_m11
table_m11_040,97123,98681,9.75,os_hr_bonus.tax_table_m11
table_m11_041,98682,99973,10,os_hr_bonus.tax_table_m11
table_m11_042,99974,101300,10.25,os_hr_bonus.tax_table_m11
table_m11_043,101301,102661,10.5,os_hr_bonus.tax_table_m11
table_m11_044,102662,104060,10.75,os_hr_bonus.tax_table_m11
table_m11_045,104061,105921,11,os_hr_bonus.tax_table_m11
table_m11_046,105922,107885,11.25,os_hr_bonus.tax_table_m11
table_m11_047,107886,109924,11.5,os_hr_bonus.tax_table_m11
table_m11_048,109925,112040,11.75,os_hr_bonus.tax_table_m11
table_m11_049,112041,114240,12,os_hr_bonus.tax_table_m11
table_m11_050,114241,116528,12.25,os_hr_bonus.tax_table_m11
table_m11_051,116529,118910,12.5,os_hr_bonus.tax_table_m11
table_m11_052,118911,121391,12.75,os_hr_bonus.tax_table_m11
table_m11_053,121392,123978,13,os_hr_bonus.tax_table_m11
table_m11_054,123979,126677,13.25,os_hr_bonus.tax_table_m11
table_m11_055,126678,129496,13.5,os_hr_bonus.tax_table_m11
table_m11_056,129497,132444,13.75,os_hr_bonus.tax_table_m11
table_m11_057,132445,135530,14,os_hr_bonus.tax_table_m11
table_m11_058,135531,138762,14.25,os_hr_bonus.tax_table_m11
table_m11_059,138763,142152,14.5,os_hr_bonus.tax_table_m11
table_m11_060,142153,145712,14.75,os_hr_bonus.tax_table_m11
table_m11_061,145713,152400,15,os_hr_bonus.tax_table_m11
table_m11_062,152401,159843,15.25,os_hr_bonus.tax_table_m11
table_m11_063,159844,168051,15.5,os_hr_bonus.tax_table_m11
table_m11_064,168052,177147,15.75,os_hr_bonus.tax_table_m11
table_m11_065,177148,99999999,16,os_hr_bonus.tax_table_m11
,,,,
table_m11_5_001,0,31914,0,os_hr_bonus.tax_table_m11_5
table_m11_5_002,31914.89,32901,0.25,os_hr_bonus.tax_table_m11_5
table_m11_5_003,32902,33972,0.5,os_hr_bonus.tax_table_m11_5
table_m11_5_004,33973,35115,0.75,os_hr_bonus.tax_table_m11_5
table_m11_5_005,35116,36338,1,os_hr_bonus.tax_table_m11_5
table_m11_5_006,36339,37649,1.25,os_hr_bonus.tax_table_m11_5
table_m11_5_007,37650,39058,1.5,os_hr_bonus.tax_table_m11_5
table_m11_5_008,39059,40577,1.75,os_hr_bonus.tax_table_m11_5
table_m11_5_009,40578,42219,2,os_hr_bonus.tax_table_m11_5
table_m11_5_010,42220,43999,2.25,os_hr_bonus.tax_table_m11_5
table_m11_5_011,44000,45936,2.5,os_hr_bonus.tax_table_m11_5
table_m11_5_012,45937,48051,2.75,os_hr_bonus.tax_table_m11_5
table_m11_5_013,48052,50371,3,os_hr_bonus.tax_table_m11_5
table_m11_5_014,50372,52926,3.25,os_hr_bonus.tax_table_m11_5
table_m11_5_015,52927,54124,3.5,os_hr_bonus.tax_table_m11_5
table_m11_5_016,54125,55198,3.75,os_hr_bonus.tax_table_m11_5
table_m11_5_017,55199,56315,4,os_hr_bonus.tax_table_m11_5
table_m11_5_018,56316,57478,4.25,os_hr_bonus.tax_table_m11_5
table_m11_5_019,57479,58690,4.5,os_hr_bonus.tax_table_m11_5
table_m11_5_020,58691,59955,4.75,os_hr_bonus.tax_table_m11_5
table_m11_5_021,59956,61275,5,os_hr_bonus.tax_table_m11_5
table_m11_5_022,61276,62749,5.25,os_hr_bonus.tax_table_m11_5
table_m11_5_023,62750,65097,5.5,os_hr_bonus.tax_table_m11_5
table_m11_5_024,65098,67629,5.75,os_hr_bonus.tax_table_m11_5
table_m11_5_025,67630,70365,6,os_hr_bonus.tax_table_m11_5
table_m11_5_026,70366,73332,6.25,os_hr_bonus.tax_table_m11_5
table_m11_5_027,73333,75326,6.5,os_hr_bonus.tax_table_m11_5
table_m11_5_028,75327,76710,6.75,os_hr_bonus.tax_table_m11_5
table_m11_5_029,76711,78146,7,os_hr_bonus.tax_table_m11_5
table_m11_5_030,78147,79637,7.25,os_hr_bonus.tax_table_m11_5
table_m11_5_031,79638,81186,7.5,os_hr_bonus.tax_table_m11_5
table_m11_5_032,81187,82797,7.75,os_hr_bonus.tax_table_m11_5
table_m11_5_033,82798,84472,8,os_hr_bonus.tax_table_m11_5
table_m11_5_034,84473,86217,8.25,os_hr_bonus.tax_table_m11_5
table_m11_5_035,86218,88036,8.5,os_hr_bonus.tax_table_m11_5
table_m11_5_036,88037,89933,8.75,os_hr_bonus.tax_table_m11_5
table_m11_5_037,89934,91913,9,os_hr_bonus.tax_table_m11_5
table_m11_5_038,91914,93983,9.25,os_hr_bonus.tax_table_m11_5
table_m11_5_039,93984,95974,9.5,os_hr_bonus.tax_table_m11_5
table_m11_5_040,95975,97252,9.75,os_hr_bonus.tax_table_m11_5
table_m11_5_041,97253,98564,10,os_hr_bonus.tax_table_m11_5
table_m11_5_042,98565,99913,10.25,os_hr_bonus.tax_table_m11_5
table_m11_5_043,99914,101298,10.5,os_hr_bonus.tax_table_m11_5
table_m11_5_044,101299,102723,10.75,os_hr_bonus.tax_table_m11_5
table_m11_5_045,102724,104195,11,os_hr_bonus.tax_table_m11_5
table_m11_5_046,104196,106183,11.25,os_hr_bonus.tax_table_m11_5
table_m11_5_047,106184,108248,11.5,os_hr_bonus.tax_table_m11_5
table_m11_5_048,108249,110396,11.75,os_hr_bonus.tax_table_m11_5
table_m11_5_049,110397,112630,12,os_hr_bonus.tax_table_m11_5
table_m11_5_050,112631,114956,12.25,os_hr_bonus.tax_table_m11_5
table_m11_5_051,114957,117381,12.5,os_hr_bonus.tax_table_m11_5
table_m11_5_052,117382,119910,12.75,os_hr_bonus.tax_table_m11_5
table_m11_5_053,119911,122551,13,os_hr_bonus.tax_table_m11_5
table_m11_5_054,122552,125310,13.25,os_hr_bonus.tax_table_m11_5
table_m11_5_055,125311,128197,13.5,os_hr_bonus.tax_table_m11_5
table_m11_5_056,128198,131220,13.75,os_hr_bonus.tax_table_m11_5
table_m11_5_057,131221,134388,14,os_hr_bonus.tax_table_m11_5
table_m11_5_058,134389,137714,14.25,os_hr_bonus.tax_table_m11_5
table_m11_5_059,137715,141208,14.5,os_hr_bonus.tax_table_m11_5
table_m11_5_060,141209,144884,14.75,os_hr_bonus.tax_table_m11_5
table_m11_5_061,144885,151114,15,os_hr_bonus.tax_table_m11_5
table_m11_5_062,151115,158779,15.25,os_hr_bonus.tax_table_m11_5
table_m11_5_063,158780,167262,15.5,os_hr_bonus.tax_table_m11_5
table_m11_5_064,167263,176704,15.75,os_hr_bonus.tax_table_m11_5
table_m11_5_065,176705,99999999,16,os_hr_bonus.tax_table_m11_5
,,,,
table_m12_001,0,31249,0,os_hr_bonus.tax_table_m12
table_m12_002,31250,32237,0.25,os_hr_bonus.tax_table_m12
table_m12_003,32238,33311,0.5,os_hr_bonus.tax_table_m12
table_m12_004,33312,34458,0.75,os_hr_bonus.tax_table_m12
table_m12_005,34459,35688,1,os_hr_bonus.tax_table_m12
table_m12_006,35689,37009,1.25,os_hr_bonus.tax_table_m12
table_m12_007,37010,38431,1.5,os_hr_bonus.tax_table_m12
table_m12_008,38432,39968,1.75,os_hr_bonus.tax_table_m12
table_m12_009,39969,41631,2,os_hr_bonus.tax_table_m12
table_m12_010,41632,43440,2.25,os_hr_bonus.tax_table_m12
table_m12_011,43441,45413,2.5,os_hr_bonus.tax_table_m12
table_m12_012,45414,47573,2.75,os_hr_bonus.tax_table_m12
table_m12_013,47574,49950,3,os_hr_bonus.tax_table_m12
table_m12_014,49951,52267,3.25,os_hr_bonus.tax_table_m12
table_m12_015,52268,53312,3.5,os_hr_bonus.tax_table_m12
table_m12_016,53313,54399,3.75,os_hr_bonus.tax_table_m12
table_m12_017,54400,55532,4,os_hr_bonus.tax_table_m12
table_m12_018,55533,56713,4.25,os_hr_bonus.tax_table_m12
table_m12_019,56714,57945,4.5,os_hr_bonus.tax_table_m12
table_m12_020,57946,59232,4.75,os_hr_bonus.tax_table_m12
table_m12_021,59233,60578,5,os_hr_bonus.tax_table_m12
table_m12_022,60579,61986,5.25,os_hr_bonus.tax_table_m12
table_m12_023,61987,64053,5.5,os_hr_bonus.tax_table_m12
table_m12_024,64054,66613,5.75,os_hr_bonus.tax_table_m12
table_m12_025,66614,69386,6,os_hr_bonus.tax_table_m12
table_m12_026,69387,72400,6.25,os_hr_bonus.tax_table_m12
table_m12_027,72401,74046,6.5,os_hr_bonus.tax_table_m12
table_m12_028,74047,75443,6.75,os_hr_bonus.tax_table_m12
table_m12_029,75444,76893,7,os_hr_bonus.tax_table_m12
table_m12_030,76894,78400,7.25,os_hr_bonus.tax_table_m12
table_m12_031,78401,79968,7.5,os_hr_bonus.tax_table_m12
table_m12_032,79969,81599,7.75,os_hr_bonus.tax_table_m12
table_m12_033,81600,83298,8,os_hr_bonus.tax_table_m12
table_m12_034,83299,85070,8.25,os_hr_bonus.tax_table_m12
table_m12_035,85071,86918,8.5,os_hr_bonus.tax_table_m12
table_m12_036,86919,88849,8.75,os_hr_bonus.tax_table_m12
table_m12_037,88850,90867,9,os_hr_bonus.tax_table_m12
table_m12_038,90868,92980,9.25,os_hr_bonus.tax_table_m12
table_m12_039,92981,94569,9.5,os_hr_bonus.tax_table_m12
table_m12_040,94570,95864,9.75,os_hr_bonus.tax_table_m12
table_m12_041,95865,97195,10,os_hr_bonus.tax_table_m12
table_m12_042,97196,98563,10.25,os_hr_bonus.tax_table_m12
table_m12_043,98564,99971,10.5,os_hr_bonus.tax_table_m12
table_m12_044,99972,101419,10.75,os_hr_bonus.tax_table_m12
table_m12_045,101420,102910,11,os_hr_bonus.tax_table_m12
table_m12_046,102911,104534,11.25,os_hr_bonus.tax_table_m12
table_m12_047,104535,106624,11.5,os_hr_bonus.tax_table_m12
table_m12_048,106625,108799,11.75,os_hr_bonus.tax_table_m12
table_m12_049,108800,111064,12,os_hr_bonus.tax_table_m12
table_m12_050,111065,113426,12.25,os_hr_bonus.tax_table_m12
table_m12_051,113427,115891,12.5,os_hr_bonus.tax_table_m12
table_m12_052,115892,118465,12.75,os_hr_bonus.tax_table_m12
table_m12_053,118466,121157,13,os_hr_bonus.tax_table_m12
table_m12_054,121158,123973,13.25,os_hr_bonus.tax_table_m12
table_m12_055,123974,126923,13.5,os_hr_bonus.tax_table_m12
table_m12_056,126924,130017,13.75,os_hr_bonus.tax_table_m12
table_m12_057,130018,133266,14,os_hr_bonus.tax_table_m12
table_m12_058,133267,136682,14.25,os_hr_bonus.tax_table_m12
table_m12_059,136683,140277,14.5,os_hr_bonus.tax_table_m12
table_m12_060,140278,144066,14.75,os_hr_bonus.tax_table_m12
table_m12_061,144067,149850,15,os_hr_bonus.tax_table_m12
table_m12_062,149851,157728,15.25,os_hr_bonus.tax_table_m12
table_m12_063,157729,166481,15.5,os_hr_bonus.tax_table_m12
table_m12_064,166482,176263,15.75,os_hr_bonus.tax_table_m12
table_m12_065,176264,99999999,16,os_hr_bonus.tax_table_m12
